Company Symbol,Company Name,Sector,Shares Outstanding,EPS,P/E Ratio,Book Value,PBV,Market Capitalization,% Dividend,% Bonus,Right Share
SIGS3,"Siddhartha Investment Growth Scheme 3	 (SIGS3)",Mutual Fund,"80,580,000.00","0.00 (FY:081-082, Q:10)",0,0,0,"797,742,000.00","7.00
                                
                                    (FY:080-081)",,
NWCL,Nepal Warehousing Company Limited (NWCL),Others,"6,875,000.00","-13.06 (FY:081-082, Q:1)",-75.04,88.89,11.02,"6,737,500,000.00",,,
SPIL,Siddhartha Premier Insurance Limited (SPIL),Non-Life Insurance,"28,065,499.00","16.03 (FY:081-082, Q:2)",54.1,287.34,3.02,"24,341,207,282.70",,,
SBL,Siddhartha Bank Limited (SBL),Commercial Banks,"140,899,801.90","7.53 (FY:081-082, Q:2)",38.11,198.61,1.45,"40,438,243,145.30","4.00
                                
                                    (FY:080-081)",,
GWFD83,12% Goodwill finance Debenture 2083 (GWFD83),Corporate Debenture,,"0.00 (FY:, Q:0)",0,0,"1,205.40",0,,,
SAGF,Sanima Growth Fund (SAGF),Mutual Fund,"67,253,260.00","0.00 (FY:081-082, Q:10)",0,0,0,"637,560,904.80","10.00
                                
                                    (FY:080-081)",,
MLBBL,Mithila Laghubitta Bittiya Sanstha Ltd. (MLBBL),Microfinance,"1,960,027.60","38.24 (FY:081-082, Q:2)",43.07,199.38,8.26,"3,228,165,457.20",,,
NICL,Nepal Insurance Co. Ltd. (NICL),Non-Life Insurance,"16,442,419.40","10.46 (FY:081-082, Q:2)",94.65,215.37,4.6,"16,277,995,206.00",,,"1:0.65
                                
                                    (FY:075-076)"
TAMOR,Sanima Middle Tamor Hydropower Limited (TAMOR),Hydro Power,"33,324,970.00","16.30 (FY:081-082, Q:2)",32.76,105.97,5.04,"17,795,533,980.00",,,
BPCL,Butwal Power Company Limited (BPCL),Hydro Power,"34,090,650.00","11.37 (FY:081-082, Q:2)",35.11,207.11,1.93,"13,608,987,480.00","5.00
                                
                                    (FY:080-081)","5.00
                                
                                    (FY:078-079)",
CMF2,CITIZENS MUTUAL FUND 2 (CMF2),Mutual Fund,"56,000,000.00","0.00 (FY:081-082, Q:10)",0,0,0,"535,360,000.00","6.50
                                
                                    (FY:080-081)",,
MNBBL,Muktinath Bikas Bank Ltd. (MNBBL),Development Bank Limited,"70,469,380.00","14.28 (FY:081-082, Q:2)",26.12,155.28,2.4,"26,285,078,740.00",,,
NRBBR2069,Bikash Rinpatra 2069 (NRBBR2069),Government Bond,,"0.00 (FY:, Q:0)",0,0,0,0,,,
SMJC,Sagarmatha Jalabidhyut Company Limited (SMJC),Hydro Power,"11,200,000.00","6.67 (FY:081-082, Q:2)",94.45,113.75,5.54,"7,056,000,000.00","0.25
                                
                                    (FY:080-081)","4.75
                                
                                    (FY:080-081)",
SINDUP,Sindhu Bikash Bank Limited Promoter Share (SINDUP),Promotor Share,,"0.00 (FY:, Q:0)",0,0,188,0,"0.66
                                
                                    (FY:071-072)","12.50
                                
                                    (FY:071-072)",
SAPDBLP,Saptakoshi Development Bank Ltd Promoter Share (SAPDBLP),Promotor Share,,"0.00 (FY:, Q:0)",0,0,698,0,,,
NRBBR2075,Bikash Rinpatra 2075 (NRBBR2075),Government Bond,,"0.00 (FY:, Q:0)",0,0,0,0,,,
PROFL,Progressive Finance Limited (PROFL),Finance,"8,481,060.00","20.13 (FY:081-082, Q:2)",27.22,75.14,7.29,"4,647,620,880.00",,,"1:2.81
                                
                                    (FY:074-075)"
NBLD85,8% Nabil Debenture 2085 (NBLD85),Corporate Debenture,"3,000,000.00","0.00 (FY:, Q:0)",0,0,"1,040.00","3,120,000,000.00",,,
SICLPO,Shikhar Insurance Company Limited Promoter Share (SICLPO),Promotor Share,,"0.00 (FY:, Q:0)",0,0,461,0,"1.26
                                
                                    (FY:071-072)","24.00
                                
                                    (FY:071-072)",
LICN,Life Insurance Co. Nepal (LICN),Life Insurance,"50,000,000.00","5.67 (FY:081-082, Q:2)",187.48,175.59,6.05,"53,150,000,000.00",,,
MSHL,Mid-Solu Hydropower Limited (MSHL),Hydro Power,"7,484,000.00","19.35 (FY:081-082, Q:2)",48.55,112.18,8.37,"7,031,218,000.00",,,
UHEWA,Upper Hewakhola Hydropower Company Limited (UHEWA),Hydro Power,"5,000,000.00","22.35 (FY:081-082, Q:2)",38.84,113.65,7.64,"4,340,000,000.00",,,
MHNL,Mountain Hydro Nepal Limited (MHNL),Hydro Power,"12,500,000.00","-61.06 (FY:081-082, Q:2)",-4.34,26.28,10.08,"3,312,500,000.00",,,
BNL,Bottlers Nepal (Balaju) Limited (BNL),Manufacturing And Processing,"1,948,890.00","-251.47 (FY:081-082, Q:2)",-80.88,"3,278.90",6.2,"39,637,304,376.00",,,
HDHPC,Himal Dolakha Hydropower Company Limited (HDHPC),Hydro Power,"28,000,000.00","-2.60 (FY:081-082, Q:2)",-77.77,76.07,2.66,"5,661,600,000.00",,,"1:0.75
                                
                                    (FY:079-080)"
PFL,Pokhara Finance Ltd. (PFL),Finance,"10,825,566.05","-117.86 (FY:081-082, Q:2)",-3.83,53.97,8.36,"4,882,330,288.55",,,"1:0.15
                                
                                    (FY:074-075)"
KEF,Kumari Equity Fund (KEF),Mutual Fund,"100,000,000.00","0.00 (FY:081-082, Q:10)",0,0,0,"900,000,000.00","9.50
                                
                                    (FY:080-081)",,
SWMF,Suryodaya Womi Laghubitta Bittiya Sanstha Limited  (SWMF),Microfinance,"11,062,862.96","6.78 (FY:081-082, Q:2)",111.52,137.35,5.5,"8,364,630,684.06",,,
SBCF,Sunrise Bluechip Fund (SBCF),Mutual Fund,"125,000,000.00","0.00 (FY:081-082, Q:10)",0,0,0,"1,128,750,000.00",,,
RHGCL,Rapti Hydro and General Construction Limited (RHGCL),Hydro Power,"6,127,938.00","-0.79 (FY:081-082, Q:2)",-725.7,94.42,6.07,"3,513,146,855.40",,,"100:33.16
                                
                                    (FY:074-075)"
SPILPO,Siddhartha Premier Insurance Limited Promoter Share (SPILPO),Promotor Share,,"0.00 (FY:, Q:0)",0,0,426,0,,,
JSLBB,Janautthan Samudayic Laghubitta Bittiya Sanstha Limited (JSLBB),Microfinance,"1,700,919.00","-9.32 (FY:081-082, Q:2)",-161.7,100,15.07,"2,563,284,933.00",,,"1:1
                                
                                    (FY:075-076)"
GLICLP,Gurans Life Insurance Company Ltd. Promoter Share (GLICLP),Promotor Share,,"0.00 (FY:, Q:0)",0,0,382,0,"0.52
                                
                                    (FY:071-072)","10.00
                                
                                    (FY:071-072)",
NRBBR2085Gha,Bikash Rinpatra 2085 Gha (NRBBR2085GHA),Government Bond,,"0.00 (FY:, Q:0)",0,0,0,0,,,
CZBILP,Citizens Bank Internatioal Limited Promoter Share (CZBILP),Promotor Share,,"0.00 (FY:, Q:0)",0,0,116,0,"1.05
                                
                                    (FY:071-072)","20.00
                                
                                    (FY:071-072)","10:04
                                
                                    (FY:071-072)"
NLICLP,National Life Insurance Co. Ltd. Promoter Share (NLICLP),Promotor Share,,"0.00 (FY:, Q:0)",0,0,293.5,0,"8.00
                                
                                    (FY:070-071)","30.00
                                
                                    (FY:070-071)",
SWBBLP,Swabalamban Laghubitta Bittiya Sanstha Limited Promoter Share (SWBBLP),Promotor Share,,"0.00 (FY:, Q:0)",0,0,782,0,"10.63
                                
                                    (FY:071-072)","42.00
                                
                                    (FY:071-072)",
GIBF1,Global IME Balanced Fund-1 (GIBF1),Mutual Fund,"102,576,360.00","0.00 (FY:081-082, Q:10)",0,0,0,"1,015,505,964.00","5.00
                                
                                    (FY:080-081)",,
UAIL,United Ajod Insurance Limited  (UAIL),Non-Life Insurance,"21,000,000.00","6.64 (FY:081-082, Q:2)",100.02,180.6,3.68,"13,946,100,000.00",,,
MKCL,Muktinath Krishi Company Limited (MKCL),Others,"7,000,000.00","4.19 (FY:081-082, Q:2)",382.82,94.41,16.99,"11,228,000,000.00",,,"1:0.55
                                
                                    (FY:079-080)"
PMLIP,Prabhu Mahalaxmi Life Insurance Limited promotor (PMLIP),Promotor Share,,"0.00 (FY:, Q:0)",0,0,270,0,,,
HURJA,Himalaya Urja Bikas Company Limited (HURJA),Hydro Power,"19,800,000.00","6.94 (FY:081-082, Q:2)",35.04,92.16,2.64,"4,815,360,000.00",,,"1:1
                                
                                    (FY:081-082)"
GMFBSP,Ganapati Laghubitta Bittiya Sanstha Limited Promoter Share (GMFBSP),Promotor Share,,"0.00 (FY:, Q:0)",0,0,0,0,,,
LBBLPO,Lumbini Bikas Bank Ltd. Promoter Share (LBBLPO),Promotor Share,,"0.00 (FY:, Q:0)",0,0,261,0,,,
RIDI,Ridi Power Company Limited (RIDI),Hydro Power,"23,233,518.00","2.14 (FY:081-082, Q:2)",107.01,95.1,2.41,"5,320,475,622.00",,,"1:0.5
                                
                                    (FY:080-081)"
NIBLSF,NIBL Sahabhagita Fund (NIBLSF),Mutual Fund,"36,516,605.00","0.00 (FY:081-082, Q:10)",0,0,0,0,,,
SMBPO,Support Laghubitta Bittiya Sanstha Limited Promoter Share (SMBPO),Promotor Share,,"0.00 (FY:, Q:0)",0,0,750,0,,,
NMBD89/90,NMB Debenture 10.75%-2089/2090 (NMBD89/90),Corporate Debenture,"4,000,000.00","0.00 (FY:, Q:0)",0,0,"1,201.00","4,804,000,000.00",,,
NICAD85/86,NIC Asia Debenture 2085/86 (NICAD85/86),Corporate Debenture,"2,404,688.00","0.00 (FY:, Q:0)",0,0,"1,100.00","2,645,156,800.00",,,
NRBBR2071Kha,Bikash Rinpatra 2071 Kha (NRBBR2071KHA),Government Bond,,"0.00 (FY:, Q:0)",0,0,0,0,,,
NICLBSL,NIC Asia Laghubitta Biitiya Sanstha Limited (NICLBSL),Microfinance,"17,394,400.00","0.48 (FY:081-082, Q:2)","1,379.79",147.45,4.49,"11,520,311,120.00",,,
IGI,IGI Prudential Insurance Company Limited (IGI),Non-Life Insurance,"30,293,346.39","9.45 (FY:081-082, Q:2)",64.23,190.94,3.18,"18,388,061,258.73",,,"10:4
                                
                                    (FY:078-079)"
NMLBBL,Nerude Mirmire Laghubitta Bittiya Sanstha Limited (NMLBBL),Microfinance,"13,977,645.45","-8.97 (FY:081-082, Q:2)",-75.3,184.24,3.67,"9,440,501,736.93",,,
KKHC,Khanikhola Hydropower Co. Ltd. (KKHC),Hydro Power,"4,657,143.00","-7.30 (FY:081-082, Q:2)",-49.18,76.88,4.67,"1,671,914,337.00",,,
MANDU,Mandu Hydropower Ltd. (MANDU),Hydro Power,"13,636,370.00","23.77 (FY:081-082, Q:2)",38.12,146.98,6.16,"12,354,551,220.00",,,
NIBSF2,NIBL Samriddhi Fund 2 (NIBSF2),Mutual Fund,"150,000,000.00","0.00 (FY:081-082, Q:10)",0,0,0,"1,245,000,000.00",,,
NGPL,Ngadi Group Power Ltd. (NGPL),Hydro Power,"18,512,792.23","2.51 (FY:081-082, Q:2)",110,214.99,1.28,"5,111,381,934.70","0.25
                                
                                    (FY:078-079)","4.75
                                
                                    (FY:078-079)","1:1
                                
                                    (FY:081-082)"
SMFBS,Swabhimaan Laghubitta Bittiya Sanstha Ltd (SMFBS),Microfinance,"1,461,385.80","27.83 (FY:081-082, Q:2)",67.59,159.88,11.77,"2,748,866,689.80",,,
NBLD82,10% Nabil Debenture 2082 (NBLD82),Corporate Debenture,,"0.00 (FY:, Q:0)",0,0,"1,078.00",0,,,
CZBIL,Citizen Bank International Limited (CZBIL),Commercial Banks,"147,690,129.66","8.96 (FY:081-082, Q:2)",23.5,150.39,1.4,"31,103,541,306.40","0.21
                                
                                    (FY:080-081)","4.00
                                
                                    (FY:080-081)","10:2.5
                                
                                    (FY:072-073)"
ACLBSL,Aarambha Chautari Laghubitta Bittiya Sanstha Limited (ACLBSL),Microfinance,"3,671,434.09","17.79 (FY:081-082, Q:2)",62.68,139.92,7.97,"4,093,649,010.35",,,
NABILD87,9% Nabil Debenture 2087 (NABILD87),Corporate Debenture,"3,000,000.00","0.00 (FY:, Q:0)",0,0,"1,050.00","3,150,000,000.00",,,
NIBD84,8.5% Nepal Investment Bank Debenture 2084 (NIBD84),Corporate Debenture,"4,000,000.00","0.00 (FY:, Q:0)",0,0,"1,027.10","4,108,400,000.00",,,
NIL,Neco Insurance Co. Ltd. (NIL),Non-Life Insurance,"20,123,606.19","15.51 (FY:081-082, Q:2)",49.77,281.95,2.74,"15,535,423,978.68",,,"1:0.25
                                
                                    (FY:081-082)"
SARBTM,Sarbottam Cement Limited (SARBTM),Manufacturing And Processing,"49,755,000.00","9.70 (FY:081-082, Q:2)",84.97,186.66,4.42,"41,008,071,000.00","3.00
                                
                                    (FY:080-081)","7.00
                                
                                    (FY:080-081)",
LLBSPO,Laxmi Laghubitta Bittiya Sanstha Limited Promoter Share (LLBSPO),Promotor Share,,"0.00 (FY:, Q:0)",0,0,0,0,,,
RBCL,Rastriya Beema Company Limited (RBCL),Non-Life Insurance,"2,666,390.59","260.04 (FY:081-082, Q:2)",56.92,"6,322.83",2.34,"39,463,114,010.12","6.00
                                
                                    (FY:062-063)","114.27
                                
                                    (FY:062-063)",
CKHL,Chirkhwa Hydropower Limited (CKHL),Hydro Power,"4,000,000.00","5.86 (FY:081-082, Q:2)",127.65,97,7.71,"2,992,000,000.00",,,
HBLD83,10% Himalayan Bank Debenture 2083 (HBLD83),Corporate Debenture,,"0.00 (FY:, Q:0)",0,0,"1,060.00",0,,,
HEIP,Himalayan Everest Insurance Limited Promoter (HEIP),Promotor Share,,"0.00 (FY:, Q:0)",0,0,376.5,0,,,
USLB,Unnati Sahakarya Laghubitta Bittiya Sanstha Limited (USLB),Microfinance,"2,468,657.36","5.17 (FY:081-082, Q:2)",327.85,133.37,12.71,"4,184,374,225.20",,"30.00
                                
                                    (FY:077-078)","5:1
                                
                                    (FY:075-076)"
FMDBLP,First Micro Finance Laghubitta Bittiya Sanstha Ltd. Promoter Share (FMDBLP),Promotor Share,,"0.00 (FY:, Q:0)",0,0,280.5,0,"0.79
                                
                                    (FY:071-072)","15.00
                                
                                    (FY:071-072)",
NIBD2082,10.5% Nepal Investment Debenture 2082 (NIBD2082),Corporate Debenture,,"0.00 (FY:, Q:0)",0,0,"1,047.00",0,,,
VLBS,Vijaya laghubitta Bittiya Sanstha Ltd. (VLBS),Microfinance,"7,450,403.59","18.91 (FY:081-082, Q:2)",45.37,161.76,5.3,"6,392,446,280.22",,,
ILBS,Infinity Laghubitta Bittiya Sanstha Limited (ILBS),Microfinance,"4,974,159.42","-38.05 (FY:081-082, Q:2)",-25.83,118.61,8.29,"4,889,598,709.86","1.46
                                
                                    (FY:077-078)",,
GILB,Global IME Laghubitta Bittiya Sanstha Ltd. (GILB),Microfinance,"6,189,000.45","38.24 (FY:081-082, Q:2)",33.58,200.38,6.41,"7,946,676,577.80",,,"1:1
                                
                                    (FY:076-077)"
MNBBLP,Muktinath Bikas Bank Limited Promoter Share (MNBBLP),Promotor Share,,"0.00 (FY:, Q:0)",0,0,221,0,"1.63
                                
                                    (FY:071-072)","31.00
                                
                                    (FY:071-072)",
ALBSLP,Asha Laghubitta Bittiya Sanstha Ltd Promoter Share (ALBSLP),Promotor Share,,"0.00 (FY:, Q:0)",0,0,531.2,0,,,
SLBSL,Samudayik Laghubitta Bittiya Sanstha Limited (SLBSL),Microfinance,"1,708,050.00","-12.73 (FY:081-082, Q:2)",-202.83,107.91,23.93,"4,410,185,100.00",,,
SRBLPO,Sunrise Bank Ltd Promoter Share (SRBLPO),Promotor Share,,"0.00 (FY:, Q:0)",0,0,128,0,"1.13
                                
                                    (FY:071-072)","21.50
                                
                                    (FY:071-072)","10:3
                                
                                    (FY:071-072)"
SHEL,Singati Hydro Energy Limited (SHEL),Hydro Power,"29,000,000.00","9.85 (FY:081-082, Q:2)",26.59,109.28,2.4,"7,595,100,000.00",,,"1:1
                                
                                    (FY:080-081)"
USHEC,Upper Solu Hydro Electric Company Limited  (USHEC),Hydro Power,"13,500,000.00","21.22 (FY:081-082, Q:2)",29.73,104.95,6.01,"8,517,150,000.00",,,
ULBSL,Upakar Laghubitta Bittiya Sanstha Limited (ULBSL),Microfinance,"1,061,480.00","31.72 (FY:081-082, Q:2)",119.17,206.09,18.34,"4,012,394,400.00",,,
MND84/85,8.75% Muktinath Debenture/Rinpatra 2084/85 (MND84/85),Corporate Debenture,"1,250,000.00","0.00 (FY:, Q:0)",0,0,"1,025.00","1,281,250,000.00",,,
BEDC,Bhugol Energy Development Company Limited  (BEDC),Hydro Power,"5,440,534.00","-2.22 (FY:081-082, Q:2)",-371.17,52.56,15.68,"4,483,000,016.00",,,
HHL,Himalayan Hydropower Limited (HHL),Hydro Power,"10,950,000.00","10.05 (FY:081-082, Q:2)",50.75,77.12,6.61,"5,584,500,000.00",,,
KSY,Kumari Sabal Yojana (KSY),Mutual Fund,"74,475,070.00","0.00 (FY:081-082, Q:10)",0,0,0,"653,891,114.60",,,
SNLIP,Sun Nepal Life Insurance Company Limited promoter (SNLIP),Promotor Share,,"0.00 (FY:, Q:0)",0,0,0,0,,,
NIMBD90,10% NIMB Debenture 2090 (NIMBD90),Corporate Debenture,"4,040,000.00","0.00 (FY:, Q:0)",0,0,"1,115.00","4,504,600,000.00",,,
MLBSLP,Mahila Lagubitta Bittiya Sanstha Limited Promoter Share (MLBSLP),Promotor Share,,"0.00 (FY:, Q:0)",0,0,100,0,,,
ADBLD83,10.35% Agricultural Bank Debenture 2083 (ADBLD83),Corporate Debenture,,"0.00 (FY:, Q:0)",0,0,"1,079.60",0,,,
UAILPO,United Ajod Insurance Limited Promoter Share (UAILPO),Promotor Share,,"0.00 (FY:, Q:0)",0,0,382,0,,,
NLIC,Nepal Life Insurance Co. Ltd. (NLIC),Life Insurance,"90,287,632.10","10.37 (FY:081-082, Q:2)",75.6,149.56,5.24,"70,785,503,566.40","11.05
                                
                                    (FY:080-081)","10.00
                                
                                    (FY:080-081)",
RSDC,RSDC Laghubitta Bittiya Sanstha Ltd. (RSDC),Microfinance,"9,443,510.65","9.36 (FY:081-082, Q:2)",76.91,132.29,5.44,"6,798,383,316.94",,,
JBLB,Jeevan Bikas Laghubitta Bittiya Sanstha Limited (JBLB),Microfinance,"13,475,189.00","30.49 (FY:081-082, Q:2)",44.8,258.8,5.28,"18,407,108,174.00",,,
SJLICP,Suryajyoti Life Insurance Co. Ltd. Promotor Share (SJLICP),Others,,"0.00 (FY:, Q:0)",0,0,245,0,,,
GMLI,Guardian Micro-Life Insurance Limited (GMLI),Life Insurance,"7,500,000.00","3.09 (FY:081-082, Q:2)",640.78,107.07,18.49,"14,850,000,000.00",,,
KBLD86,10.25% Kumari Bank Debenture 2086 (KBLD86),Corporate Debenture,"3,000,000.00","0.00 (FY:, Q:0)",0,0,"1,105.00","3,315,000,000.00",,,
SHINE,Shine Resunga Development Bank Ltd. (SHINE),Development Bank Limited,"48,757,016.80","13.57 (FY:081-082, Q:2)",31.33,143.74,2.96,"20,726,607,841.68",,,"2:1
                                
                                    (FY:069-070)"
LBBLD89,11% L.B.B.L. Debenture 2089 (LBBLD89),Corporate Debenture,"1,000,000.00","0.00 (FY:, Q:0)",0,0,"1,166.20","1,166,200,000.00",,,
NMFBS,National Laghubitta Bittiya Sanstha Limited (NMFBS),Microfinance,"13,316,090.00","32.34 (FY:081-082, Q:2)",39.46,219.67,5.81,"16,991,330,840.00",,,
ICFC,ICFC Finance Limited (ICFC),Finance,"11,834,709.60","18.44 (FY:081-082, Q:2)",34.11,166.18,3.79,"7,444,032,338.40",,,"2:1
                                
                                    (FY:072-073)"
PBLD87,8.5% Prabhu Bank Debenture 2087 (PBLD87),Corporate Debenture,"2,650,000.00","0.00 (FY:, Q:0)",0,0,"1,016.00","2,692,400,000.00",,,
GBBLPO,Garima Bikas Bank Limited Promoter Share (GBBLPO),Promotor Share,,"0.00 (FY:, Q:0)",0,0,205,0,"1.05
                                
                                    (FY:070-071)","20.00
                                
                                    (FY:071-072)",
JBBD87,Jyoti Bikash Bank Bond 2087 (JBBD87),Corporate Debenture,"1,500,000.00","0.00 (FY:, Q:0)",0,0,"1,038.00","1,557,000,000.00",,,
NRBBR2076Ga,Bikash Rinpatra 2076 Ga (NRBBR2076GA),Government Bond,,"0.00 (FY:, Q:0)",0,0,0,0,,,
SBIB2079,Nepal SBI Bank - 2079 (SBIB2079),Corporate Debenture,"400,000.00","0.00 (FY:, Q:0)",0,0,0,0,,,
SMPDA,Sampada Laghubitta Bittiya Sanstha Limited (SMPDA),Microfinance,"7,008,583.45","17.61 (FY:081-082, Q:2)",53.38,150.1,6.26,"6,588,068,443.00",,,
NIFRA,Nepal Infrastructure Bank Limited (NIFRA),Investment,"216,000,000.00","5.94 (FY:081-082, Q:2)",45.99,116.54,2.34,"59,011,200,000.00",,"8.00
                                
                                    (FY:077-078)",
SSIS,Siddhartha Systematic Investment Scheme (SSIS),Mutual Fund,"20,000,000.00","0.00 (FY:081-082, Q:10)",0,0,0,0,,,
UFLPO,United Finance Company Limited Promoter Share (UFLPO),Promotor Share,,"0.00 (FY:, Q:0)",0,0,107,0,"0.79
                                
                                    (FY:071-072)","15.00
                                
                                    (FY:071-072)","4:1
                                
                                    (FY:071-072)"
MPFL,Multipurpose Finance Company Limited (MPFL),Finance,"6,102,000.00","6.57 (FY:081-082, Q:2)",99.24,116.33,5.6,"3,978,504,000.00",,,"1:0.35
                                
                                    (FY:080-081)"
AHL,Asian Hydropower Limited (AHL),Hydro Power,"3,400,000.00","-6.16 (FY:081-082, Q:2)",-114.45,92.04,7.66,"2,397,000,000.00",,,
CLI,Citizen Life Insurance Company Limited (CLI),Life Insurance,"50,000,000.00","9.24 (FY:081-082, Q:2)",57.52,164.44,3.23,"26,575,000,000.00",,,
SFMF,Sunrise First Mutual Fund (SFMF),Mutual Fund,"86,000,000.00","0.00 (FY:081-082, Q:10)",0,0,0,"893,540,000.00","12.50
                                
                                    (FY:080-081)",,
MMFDBP,Mirmire Laghubitta Bittiya Sanstha Ltd. Promoter Share (MMFDBP),Promotor Share,,"0.00 (FY:, Q:0)",0,0,278,0,,,
GMFILP,Guheyshwori Merchant & Finance Ltd. Promoter Share (GMFILP),Promotor Share,,"0.00 (FY:, Q:0)",0,0,213,0,,,
MSLBP,Mahuli Laghubitta Bittiya Sanstha Ltd Promoter (MSLBP),Promotor Share,,"0.00 (FY:, Q:0)",0,0,909.3,0,,,
NLICL,National Life Insurance Co. Ltd. (NLICL),Life Insurance,"52,121,330.82","10.71 (FY:081-082, Q:2)",59.57,134.01,4.76,"33,253,409,063.16",,,"10:6
                                
                                    (FY:074-075)"
SHL,Soaltee Hotel Limited (SHL),Hotels And Tourism,"9,289,537.00","6.50 (FY:081-082, Q:2)",75.38,26.04,18.82,"4,551,873,130.00","26.84
                                
                                    (FY:080-081)","10.00
                                
                                    (FY:080-081)",
MSLB,Mahuli Laghubitta Bittiya Sanstha Ltd. (MSLB),Microfinance,"3,223,785.85","5.56 (FY:081-082, Q:2)",241.91,199.31,6.75,"4,335,991,968.25",,,"2:1
                                
                                    (FY:075-076)"
SLBBLP,Swarojgar Laghu Bitta Bikas Bank Ltd. Promoter Share (SLBBLP),Promotor Share,,"0.00 (FY:, Q:0)",0,0,499,0,"1.80
                                
                                    (FY:071-072)","34.20
                                
                                    (FY:071-072)",
SDBD87,9% Shangri-la Development Bank Debenture 2087 (SDBD87),Corporate Debenture,"750,000.00","0.00 (FY:, Q:0)",0,0,"1,060.00","795,000,000.00",,,
KSBBLD87,9% Kamana Sewa Bikas Bank Limited Debenture 2087 (KSBBLD87),Corporate Debenture,,"0.00 (FY:, Q:0)",0,0,"1,050.00",0,,,
GVL,Green Ventures Limited (GVL),Hydro Power,"31,250,000.00","23.95 (FY:081-082, Q:2)",20.67,123.23,4.02,"15,468,750,000.00","0.53
                                
                                    (FY:080-081)","10.00
                                
                                    (FY:080-081)",
MAKAR,Makar Jitumaya Suri Hydropower Limited (MAKAR),Hydro Power,"7,600,000.00","19.98 (FY:081-082, Q:2)",37.38,108.17,6.9,"5,676,440,000.00",,,
MERO,Meromicrofinance Laghubitta Bittiya Sanstha Ltd. (MERO),Microfinance,"13,200,000.00","17.88 (FY:081-082, Q:2)",40.94,160.99,4.55,"9,662,400,000.00",,,
PRVU,Prabhu Bank Limited (PRVU),Commercial Banks,"235,424,900.00","11.35 (FY:081-082, Q:2)",19.04,144.79,1.49,"50,875,320,890.00",,,"10:4
                                
                                    (FY:072-073)"
SBID83,10.25% Nepal SBI Bank Debenture 2083 (SBID83),Corporate Debenture,,"0.00 (FY:, Q:0)",0,0,"1,075.00",0,,,
PRIN,Prabhu Insurance Ltd. (PRIN),Non-Life Insurance,"14,414,880.67","16.66 (FY:081-082, Q:2)",60.02,234.14,4.27,"14,414,880,670.00",,,"1:0.46
                                
                                    (FY:074-075)"
NMBD2085,10% NMB DEBENTURE 2085 (NMBD2085),Corporate Debenture,,"0.00 (FY:, Q:0)",0,0,"1,076.60",0,,,
WNLB,WEAN Nepal Laghubitta Bittiya Sanstha Limited (WNLB),Microfinance,"792,113.00","-31.47 (FY:081-082, Q:2)",-98.63,100,31.04,"2,458,718,752.00",,,
MDB,Miteri Development Bank Limited (MDB),Development Bank Limited,"12,171,000.00","4.25 (FY:081-082, Q:2)",152.94,132.6,4.9,"7,911,150,000.00",,,"2:1
                                
                                    (FY:071-072)"
CITPO,Citizen Investment Trust Promoter Share (CITPO),Promotor Share,,"0.00 (FY:, Q:0)",0,0,100,0,,,
NICBF,NIC Asia Balanced Fund (NICBF),Mutual Fund,"75,500,000.00","0.00 (FY:081-082, Q:10)",0,0,0,"686,295,000.00","9.25
                                
                                    (FY:080-081)",,
SBLD89,10.75% SBL Debenture 2089 (SBLD89),Corporate Debenture,"4,000,000.00","0.00 (FY:, Q:0)",0,0,"1,150.00","4,600,000,000.00",,,
RBBD83,8.5% RBBL Debenture 2083 (RBBD83),Corporate Debenture,,"0.00 (FY:, Q:0)",0,0,"1,016.30",0,,,
NLO,Nepal Lube Oil Limited (NLO),Manufacturing And Processing,"728,626.80","60.29 (FY:081-082, Q:2)",4.59,562.48,0.49,"201,756,760.92","5.00
                                
                                    (FY:080-081)","20.00
                                
                                    (FY:080-081)",
NRBBR2083Gha,Nepal Rastra Bank Bikash Rinpatra 2083 Gha (NRBBR2083GHA),Government Bond,,"0.00 (FY:, Q:0)",0,0,0,0,,,
SPC,Samling Power Company Limited (SPC),Hydro Power,"5,000,000.00","4.54 (FY:081-082, Q:2)",124.01,110.65,5.09,"2,815,000,000.00",,,
SIGS2,Siddhartha Investment Growth Scheme - 2 (SIGS2),Mutual Fund,"120,000,000.00","0.00 (FY:081-082, Q:10)",0,0,0,"1,159,200,000.00","6.50
                                
                                    (FY:079-080)",,
KBLD89,11% KBL Debenture 2089 (KBLD89),Corporate Debenture,"3,000,000.00","0.00 (FY:, Q:0)",0,0,"1,172.50","3,517,500,000.00",,,
LUK,Laxmi unnati Kosh (LUK),Mutual Fund,"65,262,360.00","0.00 (FY:081-082, Q:10)",0,0,0,"642,181,622.40","7.50
                                
                                    (FY:080-081)",,
AKPL,Arun Kabeli Power Ltd. (AKPL),Hydro Power,"38,959,421.00","3.03 (FY:081-082, Q:2)",77.36,96.9,2.42,"9,132,088,282.40","0.53
                                
                                    (FY:078-079)",,"1:1
                                
                                    (FY:)"
SBLD2082,10.50% SBL Debenture 2082 (SBLD2082),Corporate Debenture,,"0.00 (FY:, Q:0)",0,0,"1,040.00",0,,,
NLBBL,Nerude Laghubita Bittiya Sanstha Limited (NLBBL),Microfinance,"7,320,000.00","6.78 (FY:080-081, Q:2)",87.76,181.38,3.28,"4,355,400,000.00",,,
GBBD85,"Garima Debenture, 2085 (GBBD85)",Corporate Debenture,"1,000,000.00","0.00 (FY:, Q:0)",0,0,"1,026.50","1,026,500,000.00",,,
PRVUPO,Prabhu Bank Limited Promoter Share (PRVUPO),Promotor Share,,"0.00 (FY:, Q:0)",0,0,110.8,0,"5.00
                                
                                    (FY:066-067)",,
SADBL,Shangrila Development Bank Ltd. (SADBL),Development Bank Limited,"34,309,713.03","11.46 (FY:081-082, Q:2)",36.65,150.71,2.79,"14,410,079,472.60",,,
FOWADP,Forward Community Microfinance Bittiya Sanstha Ltd Promoter Share (FOWADP),Promotor Share,,"0.00 (FY:, Q:0)",0,0,300,0,,,
NMLBBLP,Nerude Mirmire Laghubitta Bittiya Sanstha Limited Promoter Share (NMLBBLP),Promotor Share,,"0.00 (FY:, Q:0)",0,0,366.1,0,,,
UNLBP,Unique Nepal Laghubitta Bittiya Sanstha Limited Promoter (UNLBP),Promotor Share,,"0.00 (FY:, Q:0)",0,0,"1,383.00",0,,,
NICAP,NIC Asia Bank Limted Promoter Share (NICAP),Promotor Share,,"0.00 (FY:, Q:0)",0,0,331.3,0,"2.05
                                
                                    (FY:071-072)","39.00
                                
                                    (FY:071-072)","4:1
                                
                                    (FY:071-072)"
SBID89,9% Nepal SBI Bank debenture 2089 (SBID89),Corporate Debenture,,"0.00 (FY:, Q:0)",0,0,"1,060.00",0,,,
NABIL,Nabil Bank Limited (NABIL),Commercial Banks,"270,569,970.00","23.98 (FY:081-082, Q:2)",20.43,219.01,2.24,"132,579,285,300.00","10.00
                                
                                    (FY:080-081)",,
GUFL,Gurkhas Finance Ltd. (GUFL),Finance,"8,679,938.00","-0.60 (FY:081-082, Q:2)","-1,016.67",156.74,3.89,"5,294,762,180.00",,"7.00
                                
                                    (FY:071-072)","2:1
                                
                                    (FY:073-074)"
SGHC,Swet-Ganga Hydropower & Construction Limited  (SGHC),Hydro Power,"15,930,000.00","12.88 (FY:081-082, Q:2)",39.6,78.66,6.48,"8,124,300,000.00",,,
SBLD84,8.5% SBL Debenture 2084 (SBLD84),Corporate Debenture,,"0.00 (FY:, Q:0)",0,0,"1,050.00",0,,,
KBSH,Kutheli Bukhari Small Hydropower Limited (KBSH),Hydro Power,"1,218,675.00","14.52 (FY:081-082, Q:2)",169.3,150.73,16.31,"2,995,746,885.00","0.53
                                
                                    (FY:080-081)",,
SBLPO,Siddhartha Bank Limited Promoter Share (SBLPO),Promotor Share,,"0.00 (FY:, Q:0)",0,0,137.7,0,"1.05
                                
                                    (FY:071-072)","20.00
                                
                                    (FY:071-072)",
RLFLPO,Reliance Finance Limited Promoter Share (RLFLPO),Promotor Share,,"0.00 (FY:, Q:0)",0,0,303,0,,,
NRBBR2073 KA,Bikash Rinpatra 2073 Ka (NRBBR2073 KA),Government Bond,,"0.00 (FY:, Q:0)",0,0,0,0,,,
NCCD86,9.5% NCC Debenture 2086 (NCCD86),Corporate Debenture,,"0.00 (FY:, Q:0)",0,0,"1,073.50",0,,,
SCBPO,Standard Chartered Bank Limited Promoter Share (SCBPO),Promotor Share,,"0.00 (FY:, Q:0)",0,0,0,0,,,
MKHL,Mai Khola Hydropower Limited (MKHL),Hydro Power,"3,921,568.00","2.86 (FY:081-082, Q:2)",243.01,102.55,6.78,"2,725,489,760.00","10.00
                                
                                    (FY:078-079)",,
HBLPO,Himalayan Bank Limited Promoter Share (HBLPO),Promotor Share,,"0.00 (FY:, Q:0)",0,0,133,0,"7.10
                                
                                    (FY:071-072)","35.00
                                
                                    (FY:071-072)",
NADEP,Nadep Laghubitta Bittiya Sanstha Ltd. (NADEP),Microfinance,"4,857,600.00","6.86 (FY:081-082, Q:2)",131.92,147.23,6.15,"4,396,128,000.00",,,
HLBSLP,Himalayan Laghubitta Bittiya Sanstha Promoter (HLBSLP),Promotor Share,,"0.00 (FY:, Q:0)",0,0,0,0,,,
CYCLP,CYC Nepal Laghubitta Bittiya Sanstha Limited Promoter Share (CYCLP),Promotor Share,,"0.00 (FY:, Q:0)",0,0,864,0,,,
FMDBL,First Micro Finance Laghubitta Bittiya Sanstha Limited (FMDBL),Microfinance,"13,448,713.23","7.78 (FY:081-082, Q:2)",101.93,125.33,6.33,"10,664,829,591.39",,,
SRBLD83,10.25% Sunrise Bank Debenture 2083 (SRBLD83),Corporate Debenture,,"0.00 (FY:, Q:0)",0,0,"1,058.00",0,,,
HIDCLP,Hydroelectricity Investment and Development Company Limited Promoter Share (HIDCLP),Promotor Share,,"0.00 (FY:, Q:0)",0,0,181,0,,,
SBLD83,10.25% SBL Debenture 2083 (SBLD83),Corporate Debenture,"2,401,482.00","0.00 (FY:, Q:0)",0,0,"1,047.50","2,515,552,395.00",,,
SAPDBL,Saptakoshi Development Bank Ltd (SAPDBL),Development Bank Limited,"8,343,384.32","-7.17 (FY:081-082, Q:2)",-161.51,76.93,15.05,"9,661,639,042.56","5.04
                                
                                    (FY:074-075)","3.00
                                
                                    (FY:074-075)","1:1.3
                                
                                    (FY:072-073)"
MMKJL,Mathillo Mailun Khola Jalvidhyut Limited (MMKJL),Hydro Power,"10,000,000.00","7.12 (FY:081-082, Q:2)",102.99,93.68,7.83,"7,333,000,000.00",,,
SGICP,Sanima GIC Insurance Limited Promoter Share (SGICP),Promotor Share,,"0.00 (FY:, Q:0)",0,0,100,0,,,
RAWA,Rawa Energy Development Limited (RAWA),Hydro Power,"2,800,000.00","9.64 (FY:081-082, Q:2)",91.8,73.65,12.02,"2,478,000,000.00",,,
SIKLES,Sikles Hydropower Limited (SIKLES),Hydro Power,"8,500,000.00","23.42 (FY:081-082, Q:2)",51.15,118.59,10.1,"10,183,000,000.00","6.00
                                
                                    (FY:079-080)",,
BOKD2079,8% BOK Debenture 2079 (BOKD2079),Corporate Debenture,,"0.00 (FY:, Q:0)",0,0,0,0,,,
HBL,Himalayan Bank Limited (HBL),Commercial Banks,"216,566,156.30","14.03 (FY:081-082, Q:2)",16.89,176.11,1.35,"51,326,179,043.10",,,"7:1
                                
                                    (FY:071-072)"
SNLI,Sun Nepal Life Insurance Company Limited (SNLI),Life Insurance,"39,616,000.00","14.25 (FY:081-082, Q:2)",48.63,166.12,4.17,"27,453,888,000.00",,,
SMHL,Super Madi Hydropower Limited (SMHL),Hydro Power,"22,050,000.00","11.04 (FY:081-082, Q:2)",89.99,106.82,9.3,"21,906,675,000.00","0.26
                                
                                    (FY:080-081)","5.00
                                
                                    (FY:080-081)",
PMHPL,Panchakanya Mai Hydropower Ltd (PMHPL),Hydro Power,"11,000,000.00","5.16 (FY:081-082, Q:2)",58.14,85.99,3.49,"3,300,000,000.00",,,
SBD89,10.25% Sanima Debenture 2089 (SBD89),Corporate Debenture,"5,000,000.00","0.00 (FY:, Q:0)",0,0,"1,115.00","5,575,000,000.00",,,
JOSHI,Joshi Hydropower Development Company Ltd (JOSHI),Hydro Power,"3,714,000.00","-4.05 (FY:081-082, Q:2)",-94.54,51.34,7.46,"1,422,090,600.00",,,
NLBBLP,Nerude Laghubita Bittiya Sanstha Limited Promoter Share (NLBBLP),Promotor Share,,"0.00 (FY:, Q:0)",0,0,401,0,,,
OHL,Oriental Hotels Limited (OHL),Hotels And Tourism,"11,280,904.38","5.12 (FY:081-082, Q:2)",175.78,346.12,2.6,"10,152,813,942.00","0.26
                                
                                    (FY:080-081)","5.00
                                
                                    (FY:080-081)",
ICFCD88,9% ICFC Finance Limited Debenture-2088 (ICFCD88),Corporate Debenture,"300,000.00","0.00 (FY:, Q:0)",0,0,"1,060.00","318,000,000.00",,,
SJCL,SANJEN JALAVIDHYUT COMPANY LIMITED (SJCL),Hydro Power,"36,500,000.00","-7.43 (FY:081-082, Q:2)",-44.86,85.43,3.9,"12,165,450,000.00",,,
GLBSL,Gurans Laghubitta Bittiya Sanstha Limited (GLBSL),Microfinance,"1,158,495.00","26.70 (FY:081-082, Q:2)",106.03,136.83,20.69,"3,279,699,345.00",,,
NBR2087,8.5% Nepal Bank Rinpatra 2087 (NBR2087),Corporate Debenture,"3,500,000.00","0.00 (FY:, Q:0)",0,0,0,0,,,
PPCL,Panchthar Power Company Limited (PPCL),Hydro Power,"9,625,000.00","-16.13 (FY:081-082, Q:2)",-19.71,88.15,3.61,"3,060,750,000.00",,,
HRL,Himalayan Reinsurance Limited (HRL),Others,"104,000,000.00","11.86 (FY:081-082, Q:2)",82.97,160.79,6.12,"102,336,000,000.00","0.21
                                
                                    (FY:079-080)","4.00
                                
                                    (FY:079-080)",
AVYAN,Aviyan Laghubitta Bittiya Sanstha Limited (AVYAN),Microfinance,"2,500,000.00","3.03 (FY:081-082, Q:2)",366.01,108.81,10.19,"2,772,500,000.00",,,
MATRIP,Matribhumi Lagubitta Bittiya Sanstha Limited Promoter (MATRIP),Others,,"0.00 (FY:, Q:0)",0,0,766.5,0,,,
SRLIP,Sanima Reliance Life Insurance Limited Promoter Share (SRLIP),Promotor Share,,"0.00 (FY:, Q:0)",0,0,0,0,,,
KSBBLP,Kamana Sewa Bikas Bank Limited Promoter Share (KSBBLP),Promotor Share,,"0.00 (FY:, Q:0)",0,0,178.7,0,,,
NRBBR2076ka,Bikash Rinpatra 2076 Ka (NRBBR2076KA),Government Bond,,"0.00 (FY:, Q:0)",0,0,0,0,,,
NIBLSTF,NIBL Stable Fund (NIBLSTF),Mutual Fund,"113,000,000.00","0.00 (FY:081-082, Q:10)",0,0,0,"948,070,000.00",,,
SWBBL,Swabalamban Laghubitta Bittiya Sanstha Limited (SWBBL),Microfinance,"16,566,250.00","9.75 (FY:081-082, Q:2)",88.77,210.43,4.11,"14,338,089,375.00",,,
ICFCPO,ICFC Finance Limited Promotor Share (ICFCPO),Promotor Share,,"0.00 (FY:, Q:0)",0,0,369,0,"0.74
                                
                                    (FY:070-071)","14.00
                                
                                    (FY:070-071)",
MBLD2085,10.25% Machhapuchhre Bank Debenture 2085 (MBLD2085),Corporate Debenture,,"0.00 (FY:, Q:0)",0,0,"1,180.00",0,,,
MLBLD89,11% Mahalaxmi Debenture-2089 (MLBLD89),Corporate Debenture,"1,000,000.00","0.00 (FY:, Q:0)",0,0,"1,200.00","1,200,000,000.00",,,
KBLD90,10% KBL Debenture 2090 (KBLD90),Corporate Debenture,"5,000,000.00","0.00 (FY:, Q:0)",0,0,"1,112.00","5,560,000,000.00",,,
SMFBSP,Swabhimaan Laghubitta Bittiya sanstha Limited (SMFBSP),Promotor Share,,"0.00 (FY:, Q:0)",0,0,490,0,,,
SBIPO,Nepal SBI Bank Ltd. Promoter Share (SBIPO),Promotor Share,,"0.00 (FY:, Q:0)",0,0,"1,492.00",0,,,
KDL,Kalinchowk Darshan Limited (KDL),Hotels And Tourism,"6,000,000.00","1.58 (FY:081-082, Q:2)",733.54,101.43,11.43,"6,954,000,000.00",,,
PRSF,Prabhu Smart Fund (PRSF),Mutual Fund,"100,000,000.00","0.00 (FY:081-082, Q:10)",0,0,0,"1,018,000,000.00","8.50
                                
                                    (FY:080-081)",,
SFCLP,Samriddhi Finance Company Limited Promoter Share (SFCLP),Promotor Share,,"0.00 (FY:, Q:0)",0,0,164,0,,,
ANLBP,Aatmanirbhar Laghubitta Bittiya Sanstha Limited Promoter Share (ANLBP),Promotor Share,,"0.00 (FY:, Q:0)",0,0,0,0,,,
JFLPO,Janaki Finance Limited Promoter Share (JFLPO),Promotor Share,,"0.00 (FY:, Q:0)",0,0,349,0,"7.00
                                
                                    (FY:070-071)","70.00
                                
                                    (FY:070-071)",
LBLPO,Laxmi Bank Limited Promoter Share (LBLPO),Promotor Share,,"0.00 (FY:, Q:0)",0,0,100,0,"1.05
                                
                                    (FY:070-071)","20.00
                                
                                    (FY:070-071)","1:1
                                
                                    (FY:071-072)"
SFEF,Sunrise Focused Equity Fund (SFEF),Mutual Fund,"100,000,000.00","0.00 (FY:081-082, Q:10)",0,0,0,"930,000,000.00","4.50
                                
                                    (FY:080-081)",,
HRLP,Himalayan Reinsurance Limited Promoter (HRLP),Promotor Share,,"0.00 (FY:, Q:0)",0,0,0,0,,,
USLBP,Unnati Sahakarya Laghubitta Bittiya Sanstha Limited Promoter Share (USLBP),Promotor Share,,"0.00 (FY:, Q:0)",0,0,100,0,,,
NRM,Nepal Republic Media Limited (NRM),Others,"9,675,000.00","-1.20 (FY:081-082, Q:2)",-419.17,87.99,5.72,"4,866,525,000.00",,,
GBD80/81,10.25% Global IME Bank Limited Debenture 2080/81 (GBD80/81),Corporate Debenture,"103,105,160.00","0.00 (FY:, Q:0)",0,0,"1,040.00","107,229,366,400.00",,,
C30MF,Citizens Super 30 Mutual Fund (C30MF),Mutual Fund,"75,072,390.00","0.00 (FY:081-082, Q:10)",0,0,0,"692,167,435.80","10.00
                                
                                    (FY:080-081)",,
SICL,Shikhar Insurance Co. Ltd. (SICL),Non-Life Insurance,"29,204,420.30","17.62 (FY:081-082, Q:2)",45.18,201.92,3.94,"23,246,718,558.80",,,"1:0.3
                                
                                    (FY:078-079)"
NICLBSLP,NIC ASIA Laghubitta Bittiya Sanstha Limited Promoter Share (NICLBSLP),Promotor Share,,"0.00 (FY:, Q:0)",0,0,504.2,0,,,
MDBPO,Miteri Development Bank Limited Promoter Share (MDBPO),Promotor Share,,"0.00 (FY:, Q:0)",0,0,379,0,"1.58
                                
                                    (FY:071-072)","30.00
                                
                                    (FY:071-072)",
NIFRAP,Nepal Infrastructure Bank Limited Promoter (NIFRAP),Promotor Share,,"0.00 (FY:, Q:0)",0,0,111,0,,,
RSDCP,RSDC Laghubitta Bittiya Sanstha Ltd. Promoter Share (RSDCP),Promotor Share,,"0.00 (FY:, Q:0)",0,0,310,0,,,
TPC,Terhathum Power Company Limited (TPC),Hydro Power,"4,000,000.00","19.88 (FY:081-082, Q:2)",27.77,65.72,8.4,"2,208,000,000.00",,,
NRBBR2076Kha,Bikash Rinpatra 2076 Kha (NRBBR2076KHA),Government Bond,,"0.00 (FY:, Q:0)",0,0,0,0,,,
NIMB,Nepal Investment Mega Bank Limited  (NIMB),Commercial Banks,"341,285,950.00","16.60 (FY:081-082, Q:2)",13.02,185.05,1.17,"73,751,893,795.00",,,
MNMF1,Muktinath Mutual Fund 1 (MNMF1),Mutual Fund,"125,000,000.00","0.00 (FY:081-082, Q:10)",0,0,0,"1,133,750,000.00",,,
JBBLPO,Jyoti Bikash Bank Ltd. Promoter Share (JBBLPO),Promotor Share,,"0.00 (FY:, Q:0)",0,0,188.3,0,"5.60
                                
                                    (FY:069-070)","9.00
                                
                                    (FY:071-072)",
KSLY,Kumari Sunaulo Lagani Yojana (KSLY),Mutual Fund,"35,000,000.00","0.00 (FY:081-082, Q:10)",0,0,0,0,,,
SMH,Super Mai Hydropower Limited (SMH),Hydro Power,"5,000,000.00","14.17 (FY:081-082, Q:2)",71.12,131.5,7.66,"5,039,000,000.00",,,
RFPL,River Falls Power Limited (RFPL),Hydro Power,"7,000,000.00","3.75 (FY:081-082, Q:2)",192.27,102.02,7.07,"5,047,000,000.00",,,
GCIL,Ghorahi Cement Industry Limited (GCIL),Manufacturing And Processing,"45,676,857.00","-29.21 (FY:081-082, Q:2)",-19.14,188.33,2.97,"25,533,363,063.00",,"15.00
                                
                                    (FY:079-080)",
NMBD87/88,8.50% NMB Rinpatra 2087/88 (NMBD87/88),Corporate Debenture,"2,000,000.00","0.00 (FY:, Q:0)",0,0,"1,025.00","2,050,000,000.00",,,
NFS,Nepal Finance Ltd. (NFS),Finance,"7,299,067.47","5.62 (FY:081-082, Q:2)",128.83,137.07,5.28,"5,284,524,848.28","1.16
                                
                                    (FY:067-068)","22.00
                                
                                    (FY:067-068)","1:0.70
                                
                                    (FY:078-079)"
NRICP,Nepal Reinsurance Company Limited Promoter Share (NRICP),Others,,"0.00 (FY:, Q:0)",0,0,281,0,,,
NADEPP,Nadep Laghubitta Bittiya Sanstha Ltd. Promoter Share (NADEPP),Promotor Share,,"0.00 (FY:, Q:0)",0,0,291,0,,,
NESDOP,NESDO Sambridha Laghubitta Bittiya Sanstha Limited Promoter Share (NESDOP),Promotor Share,,"0.00 (FY:, Q:0)",0,0,0,0,,,
PPL,People's Power Limited (PPL),Hydro Power,"6,326,000.00","2.63 (FY:081-082, Q:2)",200.27,103.44,5.09,"3,331,904,200.00",,,
NABBC,Narayani Development Bank Limited (NABBC),Development Bank Limited,"2,624,676.00","-3.97 (FY:081-082, Q:2)",-489.42,20.94,92.79,"5,099,745,468.00",,,"1:1
                                
                                    (FY:078-079)"
LBLD86,10% Laxmi Bank Debenture 2086 (LBLD86),Corporate Debenture,,"0.00 (FY:, Q:0)",0,0,"1,080.60",0,,,
NLGPO,NLG Insurance Company Ltd. Promoter Share (NLGPO),Promotor Share,,"0.00 (FY:, Q:0)",0,0,176,0,"3.94
                                
                                    (FY:071-072)","17.11
                                
                                    (FY:071-072)",
GBILD84/85,Global IME Bank Debenture 2084/85 (GBILD84/85),Corporate Debenture,"5,000,000.00","0.00 (FY:, Q:0)",0,0,"1,155.00","5,775,000,000.00",,,
SJLIC,SuryaJyoti Life Insurance Company Limited (SJLIC),Life Insurance,"50,119,478.00","7.83 (FY:081-082, Q:2)",57.64,123.44,3.66,"22,618,920,421.40",,,
NMFBSP,National Laghubitta Bittiya Sanstha Ltd. Promoter (NMFBSP),Promotor Share,,"0.00 (FY:, Q:0)",0,0,755,0,,,
CYCL,CYC Nepal Laghubitta Bittiya Sanstha Limited (CYCL),Microfinance,"2,664,243.90","32.40 (FY:081-082, Q:2)",50.25,251.75,6.47,"4,337,389,069.20",,,
NIMBPO,Nepal Investment Mega Bank Ltd. Promoter Share  (NIMBPO),Promotor Share,,"0.00 (FY:, Q:0)",0,0,155,0,,,
GHL,Ghalemdi Hydro Limited (GHL),Hydro Power,"16,500,000.00","-0.21 (FY:081-082, Q:2)","-1,417.62",98.2,3.03,"4,912,050,000.00",,,
DOLTI,Dolti Power Company Limited (DOLTI),Hydro Power,"5,364,860.00","-0.05 (FY:081-082, Q:2)","-13,440.00",63.43,10.59,"3,605,185,920.00",,,
RNLI,Reliable Nepal Life Insurance Limited (RNLI),Life Insurance,"46,400,000.00","15.10 (FY:081-082, Q:2)",38.08,166.66,3.45,"26,680,000,000.00",,,
BHDC,Bindyabasini Hydropower Development Company Limited (BHDC),Hydro Power,"10,500,000.00","16.06 (FY:081-082, Q:2)",38.39,120.14,5.13,"6,473,250,000.00","5.26
                                
                                    (FY:079-080)","8.00
                                
                                    (FY:080-081)",
FOWAD,Forward Microfinance Laghubitta Bittiya Sanstha Ltd. (FOWAD),Microfinance,"11,959,537.10","1.48 (FY:081-082, Q:2)",840.54,251.94,4.94,"14,877,664,152.40",,,
SAND2085,10% Sanima Bank Limited Debenture (SAND2085),Corporate Debenture,"2,000,000.00","0.00 (FY:, Q:0)",0,0,"1,075.50","2,151,000,000.00",,,
NIBD2084,8.5% Nepal Investment Bank Bond  (NIBD2084),Corporate Debenture,,"0.00 (FY:, Q:0)",0,0,0,0,,,
GRDBL,Green Development Bank Ltd. (GRDBL),Development Bank Limited,"5,387,220.00","3.24 (FY:081-082, Q:2)",408.95,118.24,11.21,"7,138,066,500.00","0.30
                                
                                    (FY:080-081)","5.75
                                
                                    (FY:080-081)",
SBLB2076,Siddhartha Bank Ltd. Bond -2076 (SBLB2076),Corporate Debenture,"303,520.00","0.00 (FY:, Q:0)",0,0,0,0,,,
MMF1,Mega Mutual Fund-1 (MMF1),Mutual Fund,"125,000,000.00","0.00 (FY:081-082, Q:10)",0,0,0,"1,068,750,000.00",,,
NRBBR2072,Bikash Rinpatra 2072 (NRBBR2072),Government Bond,,"0.00 (FY:, Q:0)",0,0,0,0,,,
NICLPO,Nepal Insurance Co. Ltd Promoter Share (NICLPO),Promotor Share,,"0.00 (FY:, Q:0)",0,0,300,0,"0.47
                                
                                    (FY:070-071)","9.00
                                
                                    (FY:070-071)",
JFL,Janaki Finance Ltd. (JFL),Finance,"6,904,728.00","-71.91 (FY:081-082, Q:2)",-7.48,21.94,24.52,"3,714,743,664.00",,,
NMBPO,NMB Bank Limited Promoter Share (NMBPO),Promotor Share,,"0.00 (FY:, Q:0)",0,0,115,0,"0.42
                                
                                    (FY:071-072)","8.00
                                
                                    (FY:071-072)",
RMF1,RBB Mutual Fund 1 (RMF1),Mutual Fund,"125,000,000.00","0.00 (FY:081-082, Q:10)",0,0,0,"1,120,000,000.00","3.81
                                
                                    (FY:080-081)",,
MLBLPO,Mahalxmi Bikas Bank Ltd. Promotor Share (MLBLPO),Promotor Share,,"0.00 (FY:, Q:0)",0,0,155,0,,,
NIFRAUR85/86,Nifra Urja 7% -2085/86 (NIFRAUR85/86),Corporate Debenture,"5,000,000.00","0.00 (FY:, Q:0)",0,0,0,"4,775,000,000.00",,,
SEBON,Securities Board of Nepal (SEBON),Tradings,,"0.00 (FY:, Q:0)",0,0,0,0,,,
SMATAP,Samata Gharelu Laghubitta Bittiya Sanstha Limited Promoter Share (SMATAP),Promotor Share,,"0.00 (FY:, Q:0)",0,0,495,0,,,
MHL,Mandakini Hydropower Limited (MHL),Hydro Power,"6,159,687.00","11.60 (FY:081-082, Q:2)",64.57,111.81,6.7,"4,613,605,563.00",,,
KSBBL,Kamana Sewa Bikas Bank Limited (KSBBL),Development Bank Limited,"35,108,462.00","18.37 (FY:081-082, Q:2)",24.39,157.46,2.85,"15,728,590,976.00",,,
NICD88,8.5% NIC Asia Rinpatra 2088 (NICD88),Corporate Debenture,"1,573,872.00","0.00 (FY:, Q:0)",0,0,"1,026.00","1,614,792,672.00",,,
MLBS,Manushi Laghubitta Bittiya Sanstha Limited (MLBS),Microfinance,"1,093,750.00","1.80 (FY:081-082, Q:2)","1,076.67",150.29,12.9,"2,119,687,500.00",,,
BHPL,Barahi Hydropower Public Limited (BHPL),Hydro Power,"2,500,000.00","2.76 (FY:081-082, Q:2)",386.2,54.02,19.73,"2,664,750,000.00",,,
SLICLP,Surya Life Insurance Co. Ltd. Promoter Share (SLICLP),Promotor Share,,"0.00 (FY:, Q:0)",0,0,372,0,,"14.25
                                
                                    (FY:068-069)",
NBBD2085,10.25% NBB Debenture 2085 (NBBD2085),Corporate Debenture,,"0.00 (FY:, Q:0)",0,0,"1,142.00",0,,,
ULHC,Upper Lohore Khola Hydropower Company Limited (ULHC),Hydro Power,"5,098,040.00","-0.40 (FY:081-082, Q:1)","-1,320.00",98.43,5.36,"2,691,765,120.00",,,
KRBLPO,Karnali Development Bank Limited Promoter Share (KRBLPO),Promotor Share,,"0.00 (FY:, Q:0)",0,0,217,0,"5.00
                                
                                    (FY:071-072)","11.00
                                
                                    (FY:071-072)",
VLBSPO,Vijaya laghubitta Bittiya Sanstha Ltd. Promoter Share (VLBSPO),Promotor Share,,"0.00 (FY:, Q:0)",0,0,495,0,,,
PBD85,8.75% Prime Commercial Bank Debenture 2085 (PBD85),Corporate Debenture,"2,447,963.00","0.00 (FY:, Q:0)",0,0,"1,020.60","2,498,391,037.80",,,
STC,Salt Trading Corporation (STC),Tradings,"3,207,169.55","22.05 (FY:081-082, Q:2)",244.9,524.8,10.29,"17,318,715,570.00",,,
PCBL,Prime Commercial Bank Ltd. (PCBL),Commercial Banks,"194,025,757.20","19.28 (FY:081-082, Q:2)",13.23,162.64,1.57,"49,495,970,661.72","5.00
                                
                                    (FY:080-081)",,
RHPL,RASUWAGADHI HYDROPOWER COMPANY LIMITED (RHPL),Hydro Power,"68,421,000.00","-0.88 (FY:081-082, Q:2)",-454.55,93.98,4.26,"27,368,400,000.00",,,
SSHL,Shiva Shree Hydropower Limited (SSHL),Hydro Power,"14,764,000.00","-8.34 (FY:081-082, Q:2)",-27.97,11.94,19.54,"3,444,441,200.00",,,
NBF2,NABIL BALANCED FUND-2 (NBF2),Mutual Fund,"112,000,000.00","0.00 (FY:081-082, Q:10)",0,0,0,"1,066,240,000.00","9.60
                                
                                    (FY:079-080)",,
ALBSL,Asha Laghubitta Bittiya Sanstha Limited (ALBSL),Microfinance,"7,330,462.80","6.45 (FY:081-082, Q:2)",132.25,147.95,5.77,"6,252,884,768.40",,,
SMB,Support Microfinance Bittiya Sanstha Ltd. (SMB),Microfinance,"1,224,434.50","25.32 (FY:081-082, Q:2)",105.96,141.32,18.99,"3,285,157,763.50",,,"1:2
                                
                                    (FY:072-073)"
CLIP,Citizen Life Insurance Company Limited Promoter Share (CLIP),Promotor Share,,"0.00 (FY:, Q:0)",0,0,0,0,,,
MFLD85,9.5% Manjushree Finance Limited Debenture 2085 (MFLD85),Corporate Debenture,"500,000.00","0.00 (FY:, Q:0)",0,0,"1,075.00","537,500,000.00",,,
DDBLPO,Deprosc LaghuBitta Bittiya Sanstha Limited Promoter Share (DDBLPO),Promotor Share,,"0.00 (FY:, Q:0)",0,0,440,0,"2.63
                                
                                    (FY:071-072)","50.00
                                
                                    (FY:071-072)","1:01
                                
                                    (FY:071-072)"
MBLD87,"8.50% Machhapuchchhre Debenture 2087	 (MBLD87)",Corporate Debenture,"3,000,000.00","0.00 (FY:, Q:0)",0,0,"1,041.00","3,123,000,000.00",,,
MLBL,Mahalaxmi Bikas Bank Ltd. (MLBL),Development Bank Limited,"41,713,186.00","13.78 (FY:081-082, Q:2)",30.41,165.35,2.53,"17,477,824,934.00",,,
EHPL,Eastern Hydropower Limited (EHPL),Hydro Power,"6,200,000.00","6.22 (FY:081-082, Q:2)",127.17,74.63,10.6,"4,904,200,000.00",,,
GSY,Garima Samriddhi Yojana (GSY),Mutual Fund,"125,000,000.00","0.00 (FY:081-082, Q:10)",0,0,0,"1,121,250,000.00",,,
KLBSLP,Kisan Lagubitta Bittiya Sanstha Limited Promoter Share (KLBSLP),Promotor Share,,"0.00 (FY:, Q:0)",0,0,545,0,,,
CITY,City Hotel Limited (CITY),Hotels And Tourism,"16,740,000.00","-12.54 (FY:081-082, Q:2)",-69.94,84.04,10.44,"14,682,654,000.00",,,
MFIL,Manjushree Finance Ltd. (MFIL),Finance,"13,515,528.50","17.33 (FY:081-082, Q:2)",36.06,166.21,3.76,"8,447,205,312.50",,,
SAHAS,Sahas Urja Limited (SAHAS),Hydro Power,"37,800,000.00","37.56 (FY:081-082, Q:2)",13.55,178.9,2.85,"19,240,200,000.00","0.42
                                
                                    (FY:080-081)","8.00
                                
                                    (FY:080-081)",
PBD84,"10.15% Prime Debenture 2084	 (PBD84)",Corporate Debenture,"5,000,000.00","0.00 (FY:, Q:0)",0,0,"1,094.40","5,472,000,000.00",,,
LICNPO,Life Insurance Co. Nepal Promoter Share (LICNPO),Promotor Share,,"0.00 (FY:, Q:0)",0,0,0,0,,,
EBLD86,8.5% of Everest Bank Limited Debenture 2086 (EBLD86),Corporate Debenture,"2,000,000.00","0.00 (FY:, Q:0)",0,0,"1,026.00","2,052,000,000.00",,,
MHCL,Molung Hydropower Company Limited (MHCL),Hydro Power,"8,025,000.00","10.02 (FY:081-082, Q:2)",55.59,81.67,6.82,"4,469,925,000.00",,,
GBIMEP,Global IME Bank Limited Promoter Share (GBIMEP),Promotor Share,,"0.00 (FY:, Q:0)",0,0,122,0,"4.00
                                
                                    (FY:070-071)","23.00
                                
                                    (FY:071-072)",
UNLB,Unique Nepal Laghubitta Bittiya Sanstha Limited (UNLB),Microfinance,"1,485,750.00","36.90 (FY:081-082, Q:2)",63.14,260.94,8.93,"3,461,797,500.00","1.00
                                
                                    (FY:079-080)","19.00
                                
                                    (FY:079-080)",
SRLI,Sanima Reliance Life Insurance Limited (SRLI),Life Insurance,"50,149,240.52","9.24 (FY:081-082, Q:2)",45.56,114.2,3.69,"21,112,830,258.92",,,
NRBBR2075ka,Bikash Rinpatra 2075 Ka (NRBBR2075KA),Government Bond,,"0.00 (FY:, Q:0)",0,0,0,0,,,
SAEF,Sanima Equity Fund (SAEF),Mutual Fund,"130,000,000.00","0.00 (FY:081-082, Q:9)",0,0,0,"1,462,500,000.00","15.00
                                
                                    (FY:080-081)",,
GILBPO,Global IME Laghubitta Bittiya Sanstha Ltd. Promoter Share (GILBPO),Promotor Share,,"0.00 (FY:, Q:0)",0,0,621,0,,,
UMRH,United IDI Mardi RB Hydropower Limited. (UMRH),Hydro Power,"4,608,240.00","20.30 (FY:081-082, Q:2)",31.28,114.26,5.56,"2,926,232,400.00",,,
MATRI,Matribhumi Laghubitta Bittiya Sanstha Limited  (MATRI),Microfinance,"6,283,573.37","-25.92 (FY:081-082, Q:2)",-49.04,200.72,6.33,"7,986,421,753.27",,,
CORBL,Corporate Development Bank Limited (CORBL),Development Bank Limited,"5,250,000.00","4.09 (FY:081-082, Q:2)",459.66,148.69,12.64,"9,870,000,000.00",,,(FY:1:1.5)
MLBSL,Mahila Laghubitta Bittiya Sanstha Limited (MLBSL),Microfinance,"2,175,625.00","67.37 (FY:081-082, Q:2)",33.84,234.94,9.7,"4,960,425,000.00",,,
KLBSL,Kisan Lagubitta Bittiya Sanstha Limited (KLBSL),Microfinance,"5,043,664.70","6.01 (FY:080-081, Q:3)",178.04,132.26,8.09,"5,396,721,229.00",,,
NMB50,NMB 50 (NMB50),Mutual Fund,"125,000,000.00","0.00 (FY:081-082, Q:10)",0,0,0,"1,287,500,000.00","15.00
                                
                                    (FY:080-081)",,
HLI,Himalayan Life Insurance Limited (HLI),Life Insurance,"91,432,373.04","8.23 (FY:081-082, Q:2)",52.26,126.5,3.4,"39,325,063,644.50",,"14.00
                                
                                    (FY:080-081)",
SPL,Shuvam Power Company Limited (SPL),Hydro Power,"2,000,000.00","4.63 (FY:081-082, Q:2)",192.76,94.74,9.42,"1,785,000,000.00",,,
ADBL,Agriculture Development Bank Limited (ADBL),Commercial Banks,"138,552,243.00","9.12 (FY:081-082, Q:2)",31.8,218.9,1.32,"40,180,150,470.00",,,
KPCL,Kalika power Company Ltd (KPCL),Hydro Power,"9,339,495.00","16.23 (FY:081-082, Q:2)",33.64,111.51,4.9,"5,099,364,270.00","0.37
                                
                                    (FY:080-081)","7.00
                                
                                    (FY:080-081)",
SLCF,Sanima Large Cap Fund (SLCF),Mutual Fund,"120,000,000.00","0.00 (FY:081-082, Q:10)",0,0,0,"1,135,200,000.00",,,
ALICL,Asian Life Insurance Co. Limited (ALICL),Life Insurance,"33,998,363.07","14.72 (FY:081-082, Q:2)",50.64,126.23,5.91,"25,342,379,832.38","0.41
                                
                                    (FY:079-080)","7.75
                                
                                    (FY:079-080)","1:0.6
                                
                                    (FY:075-076)"
ACLBSLP,Aarambha Chautari Laghubitta Bittiya Sanstha Limited Promoter Share (ACLBSLP),Promotor Share,,"0.00 (FY:, Q:0)",0,0,556,0,,,
AVYANP,Aviyan Laghubitta Bittiya Sanstha Limited Promotor Share (AVYANP),Promotor Share,,"0.00 (FY:, Q:0)",0,0,0,0,,,
SADBLP,Shangrila Development Bank Ltd. Promoter Share (SADBLP),Promotor Share,,"0.00 (FY:, Q:0)",0,0,209,0,"6.30
                                
                                    (FY:070-071)","20.85
                                
                                    (FY:071-072)","4:1
                                
                                    (FY:071-072)"
NRIC,Nepal Re-Insurance Company Limited (NRIC),Others,"128,135,437.50","5.37 (FY:080-081, Q:3)",240.04,147.45,8.74,"165,166,578,937.50",,,
NRBBR2067ga,Bikash Rinpatra 2067 Ga (NRBBR2067GA),Government Bond,,"0.00 (FY:, Q:0)",0,0,0,0,,,
GFCLPO,Goodwill Finance Company Limited Promoter Share (GFCLPO),Promotor Share,,"0.00 (FY:, Q:0)",0,0,110,0,"7.72
                                
                                    (FY:070-071)","6.28
                                
                                    (FY:070-071)",
SPHL,Sayapatri Hydropower Limited (SPHL),Hydro Power,"3,000,000.00","7.46 (FY:081-082, Q:2)",105.9,93.19,8.48,"2,370,000,000.00",,,
GLH,Greenlife Hydropower Limited (GLH),Hydro Power,"18,000,000.00","-1.41 (FY:081-082, Q:2)",-175.53,78.31,3.16,"4,455,000,000.00",,,
DDBL,Deprosc Laghubitta Bittiya Sanstha Limited (DDBL),Microfinance,"17,061,969.83","28.80 (FY:081-082, Q:2)",27.6,204.22,3.89,"13,564,266,014.85",,,"1:1
                                
                                    (FY:073-074)"
SMFDB,Summit Laghubitta Bittiya Sanstha  Ltd. (SMFDB),Microfinance,"6,370,870.44","9.25 (FY:079-080, Q:3)",104.54,128.09,7.55,"6,160,631,718.38",,,
GMFBS,Ganapati Microfinance Bittiya Sanstha Ltd (GMFBS),Microfinance,"1,515,545.35","16.30 (FY:081-082, Q:2)",105.52,132.08,13.02,"2,606,738,002.00","1.00
                                
                                    (FY:077-078)","19.00
                                
                                    (FY:077-078)",
GBILD86/87,8.5% Global IME Bank Limited Debenture 2086/87 (GBILD86/87),Corporate Debenture,"3,000,000.00","0.00 (FY:, Q:0)",0,0,"1,015.00","3,045,000,000.00",,,
NHPC,National Hydro Power Company Limited (NHPC),Hydro Power,"24,671,629.15","0.55 (FY:081-082, Q:2)",390.91,96.81,2.22,"5,304,400,267.25",,,"10:5
                                
                                    (FY:079-080)"
EBLPO,Everest Bank Limited Promoter Share (EBLPO),Promotor Share,,"0.00 (FY:, Q:0)",0,0,"1,045.00",0,"6.50
                                
                                    (FY:071-072)","12.00
                                
                                    (FY:070-071)",
RBB,Rastriya Banijya Bank Limited (RBB),Commercial Banks,"156,373,770.55","9.76 (FY:081-082, Q:2)",0,329.84,0,0,"5.50
                                
                                    (FY:079-080)","5.00
                                
                                    (FY:078-079)",
MFILPO,Manjushree Finance Limited Promoter Share (MFILPO),Promotor Share,,"0.00 (FY:, Q:0)",0,0,267.6,0,"0.60
                                
                                    (FY:071-072)","11.40
                                
                                    (FY:071-072)",
MBLPO,Machhapuchchhre Bank Limited Promotor Share (MBLPO),Promotor Share,,"0.00 (FY:, Q:0)",0,0,100,0,"0.84
                                
                                    (FY:071-072)","16.00
                                
                                    (FY:071-072)","2:01
                                
                                    (FY:071-072)"
NUBLPO,Nirdhan Utthan Laghubitta Bittiya Sanstha Limited Promoter Share (NUBLPO),Promotor Share,,"0.00 (FY:, Q:0)",0,0,600,0,,,
MEN,Mountain Energy Nepal Limited (MEN),Hydro Power,"26,027,157.08","39.35 (FY:081-082, Q:2)",15.02,147.66,4,"15,382,049,834.28",,,
IGIPO,IGI Prudential insurance Limited Promoter Share (IGIPO),Promotor Share,,"0.00 (FY:, Q:0)",0,0,310,0,,,
MPFLPO,Multipurpose Finance Company  Limited Promoter Share (MPFLPO),Promotor Share,,"0.00 (FY:, Q:0)",0,0,202,0,,,
HBLD86,"Himalayan Bank Limited Bond, 2086 (HBLD86)",Corporate Debenture,"2,500,000.00","0.00 (FY:, Q:0)",0,0,"1,100.00","2,750,000,000.00",,,
GUFLPO,Gurkhas Finance Limited Promoter Share (GUFLPO),Promotor Share,,"0.00 (FY:, Q:0)",0,0,385,0,,,
MKJC,Mailung Khola Jal Vidhyut Company  Limited (MKJC),Hydro Power,"3,763,198.00","13.93 (FY:081-082, Q:2)",40.35,107.34,5.24,"2,115,293,595.80","0.12
                                
                                    (FY:079-080)","2.22
                                
                                    (FY:079-080)",
MEROPO,Meromicrofinance Laghubitta Bittiya Sanstha Limited Promoter Share (MEROPO),Promotor Share,,"0.00 (FY:, Q:0)",0,0,226,0,,,
NMBMF,NMB Laghubitta Bittiya Sanstha Ltd. (NMBMF),Microfinance,"7,214,491.49","3.28 (FY:081-082, Q:2)",222.96,135.81,5.38,"5,275,957,626.64",,,"1:1.5
                                
                                    (FY:075-076)"
RMF2,RBB Mutual Fund 2 (RMF2),Mutual Fund,"84,611,929.00","0.00 (FY:081-082, Q:10)",0,0,0,"761,507,361.00","8.74
                                
                                    (FY:080-081)",,
BFC,Best Finance Company Ltd. (BFC),Finance,"8,904,242.36","-3.88 (FY:081-082, Q:2)",-152.84,131.68,4.5,"5,280,215,719.48",,"20.00
                                
                                    (FY:067-068)","1:0.25
                                
                                    (FY:074-075)"
BOKD2086,8.5% Bank of Kathmadu Limited 2086 (BOKD2086),Corporate Debenture,,"0.00 (FY:, Q:0)",0,0,0,0,,,
SINDU,Sindhu Bikash Bank Ltd (SINDU),Development Bank Limited,"5,574,560.67","17.47 (FY:081-082, Q:2)",59.82,73.61,14.2,"5,825,415,900.15",,,"10:8
                                
                                    (FY:072-073)"
LLBS,Laxmi Laghubitta Bittiya Sanstha Ltd. (LLBS),Microfinance,"4,416,621.00","7.97 (FY:081-082, Q:2)",140.03,160.94,6.93,"4,928,949,036.00",,,
CBBL,Chhimek Laghubitta Bittiya Sanstha Limited (CBBL),Microfinance,"32,153,458.68","31.84 (FY:081-082, Q:2)",27.14,237.49,3.64,"27,783,803,645.39",,,
BNT,Bottlers Nepal (Terai) Limited (BNT),Manufacturing And Processing,"1,210,000.00","-196.60 (FY:081-082, Q:2)",-67.45,"3,378.92",3.92,"16,044,600,000.00",,,
PCBLP,Prime Commercial Bank Limited Promoter Share (PCBLP),Promotor Share,,"0.00 (FY:, Q:0)",0,0,105.2,0,"0.95
                                
                                    (FY:071-072)","18.00
                                
                                    (FY:071-072)",
CHCL,Chilime Hydropower Company Limited (CHCL),Hydro Power,"87,823,969.20","8.72 (FY:081-082, Q:2)",57.79,127.21,3.96,"44,254,498,079.88",,,
HPPL,Himalayan Power Partner Ltd. (HPPL),Hydro Power,"10,654,170.00","18.26 (FY:081-082, Q:2)",31.54,118.42,4.86,"6,136,801,920.00",,,
NFSPO,Nepal Finance Ltd. Promoter Share (NFSPO),Promotor Share,,"0.00 (FY:, Q:0)",0,0,163,0,"1.16
                                
                                    (FY:067-068)","22.00
                                
                                    (FY:067-068)",
NICD83/84,10.25% NIC Asia Debenture 2083/84 (NICD83/84),Corporate Debenture,,"0.00 (FY:, Q:0)",0,0,"1,050.50",0,,,
BOKD86,8.5% BOK Debenture 2086 (BOKD86),Corporate Debenture,"1,600,000.00","0.00 (FY:, Q:0)",0,0,"1,025.00","1,640,000,000.00",,,
UPPER,Upper Tamakoshi Hydropower Ltd (UPPER),Hydro Power,"211,800,000.00","-7.75 (FY:081-082, Q:2)",-26.3,56.55,3.6,"43,164,840,000.00",,,"1:1
                                
                                    (FY:080-081)"
NRBBR2076,Bikash Rinpatra 2076 (NRBBR2076),Government Bond,,"0.00 (FY:, Q:0)",0,0,0,0,,,
NILPO,Neco Insurace Co. Ltd. Promoter (NILPO),Promotor Share,,"0.00 (FY:, Q:0)",0,0,436,0,"0.79
                                
                                    (FY:071-072)","15.00
                                
                                    (FY:071-072)","1:1
                                
                                    (FY:071-072)"
SMPDAP,Sampada Laghubitta Bittiya Sanstha Limited Promoter Share (SMPDAP),Promotor Share,,"0.00 (FY:, Q:0)",0,0,495,0,,,
NSLB,Naya Sarathi Laghubitta Bittiya Sanstha Limited (NSLB),Microfinance,"3,610,403.60","7.13 (FY:079-080, Q:3)",97.27,153.87,4.51,"2,503,814,896.60",,,
TBBLP,Triveni Bikas Bank Limited Promoter Share (TBBLP),Promotor Share,,"0.00 (FY:, Q:0)",0,0,173,0,,,
RADHI,Radhi Bidyut Company Ltd (RADHI),Hydro Power,"17,555,888.47","7.22 (FY:081-082, Q:2)",54,123.24,3.16,"6,845,040,914.45","0.25
                                
                                    (FY:080-081)","4.75
                                
                                    (FY:080-081)","1:1.4752
                                
                                    (FY:079-080)"
NABILP,NABIL Bank Limited Promotor Share (NABILP),Promotor Share,,"0.00 (FY:, Q:0)",0,0,301.1,0,"6.00
                                
                                    (FY:071-072)","30.00
                                
                                    (FY:071-072)",
PBLD84,10% Prabhu Bank Debenture 2084  (PBLD84),Corporate Debenture,,"0.00 (FY:, Q:0)",0,0,"1,095.00",0,,,
CFCL,Central Finance Co. Ltd. (CFCL),Finance,"9,488,754.59","0.74 (FY:081-082, Q:2)",781.08,133.49,4.33,"5,484,500,153.02",,,"2:1
                                
                                    (FY:074-075)"
ENL,Emerging Nepal Limited (ENL),Investment,"5,556,000.00","3.38 (FY:081-082, Q:2)",332.84,109.48,10.28,"6,250,500,000.00",,,
KPCLPO,Kalika Power Company Limited Promoter Share (KPCLPO),Promotor Share,,"0.00 (FY:, Q:0)",0,0,0,0,,,
AKJCL,Ankhu Khola Jalvidhyut Company Ltd (AKJCL),Hydro Power,"20,000,000.00","1.87 (FY:081-082, Q:2)",111.02,89.29,2.33,"4,152,000,000.00",,,"1:1.5
                                
                                    (FY:081-082)"
NTC,Nepal Doorsanchar Comapany Limited (NTC),Others,"180,000,000.00","29.28 (FY:081-082, Q:2)",30.91,506.34,1.79,"162,900,000,000.00","30.00
                                
                                    (FY:080-081)","20.00
                                
                                    (FY:077-078)",
SEF,Siddhartha Equity Fund (SEF),Mutual Fund,"150,000,000.00","0.00 (FY:081-082, Q:9)",0,0,0,"1,470,000,000.00","5.00
                                
                                    (FY:079-080)",,
TRH,Taragaon Regency Hotel Limited (TRH),Hotels And Tourism,"19,621,201.60","19.04 (FY:081-082, Q:2)",58.24,156.48,7.09,"21,757,950,454.24","11.00
                                
                                    (FY:080-081)",,
ICFCD83,12% ICFC Finance Limited Debenture 2083 (ICFCD83),Corporate Debenture,"200,000.00","0.00 (FY:, Q:0)",0,0,"1,218.00","243,600,000.00",,,
PHCL,Peoples Hydropower Company Limited (PHCL),Hydro Power,"32,000,000.00","-3.51 (FY:081-082, Q:2)",-179.2,95.25,6.6,"20,128,000,000.00",,,
BARUN,Barun Hydropower Co. Ltd. (BARUN),Hydro Power,"5,358,150.00","10.07 (FY:081-082, Q:2)",50.97,116.5,4.41,"2,750,338,395.00","0.26
                                
                                    (FY:076-077)","5.00
                                
                                    (FY:076-077)","1:1
                                
                                    (FY:079-080)"
9%CSB2083,Nepal Rastra Bank Nagarik Bachatpatra 2083 (5 Years) (9%CSB2083),Government Bond,,"0.00 (FY:, Q:0)",0,0,0,0,,,
HIDCL,Hydorelectricity Investment and Development Company Ltd (HIDCL),Investment,"245,598,130.00","4.25 (FY:081-082, Q:2)",64.35,114.15,2.4,"67,171,088,555.00",,,"1:1
                                
                                    (FY:078-079)"
KMCDBP,Kalika Laghubitta Bittiya Sanstha Limited Promoter Share (KMCDBP),Promotor Share,,"0.00 (FY:, Q:0)",0,0,589,0,,,
HATHY,Hathway Investment Nepal Limited (HATHY),Investment,"28,314,000.00","1.05 (FY:081-082, Q:2)","1,275.24",73.15,18.3,"37,912,446,000.00",,,"9.779
                                
                                    (FY:072-073)"
NMB,NMB Bank Limited (NMB),Commercial Banks,"183,667,060.00","21.82 (FY:081-082, Q:2)",11.64,169.1,1.5,"46,651,433,240.00","8.25
                                
                                    (FY:078-079)","12.50
                                
                                    (FY:077-078)",
NABBCP,Narayani Development Bank Limited Promoter (NABBCP),Promotor Share,,"0.00 (FY:, Q:0)",0,0,308.3,0,,,
SNMAPO,Sanima Bank Limited Promoter Share (SNMAPO),Promotor Share,,"0.00 (FY:, Q:0)",0,0,167,0,"1.05
                                
                                    (FY:071-072)","20.00
                                
                                    (FY:071-072)",
NESDO,NESDO Sambridha Laghubitta Bittiye Sanstha Limited (NESDO),Microfinance,"2,913,375.00","-92.80 (FY:081-082, Q:2)",-20.44,234.13,8.1,"5,526,381,037.50",,,
PBLD86,10.25% Prabhu Bank Debenture 2086 (PBLD86),Corporate Debenture,,"0.00 (FY:, Q:0)",0,0,"1,120.00",0,,,
BOKD86KA,"BOK Debenture 2086 ""KA"" (BOKD86KA)",Corporate Debenture,"1,100,000.00","0.00 (FY:, Q:0)",0,0,"1,116.30","1,227,930,000.00",,,
AHPC,Arun Valley Hydropower Development Co. Ltd. (AHPC),Hydro Power,"38,480,030.00","10.09 (FY:081-082, Q:2)",25.75,105.72,2.46,"9,997,111,794.00","0.16
                                
                                    (FY:080-081)","3.00
                                
                                    (FY:080-081)","1:1
                                
                                    (FY:080-081)"
RULB,Rastra Utthan Laghubitta Sanstha Limited (RULB),Microfinance,"2,599,550.00","19.10 (FY:079-080, Q:3)",39.53,180.17,4.19,"1,962,660,250.00",,,
SBD87,8.5% Sanima Debenture 2087 (SBD87),Corporate Debenture,,"0.00 (FY:, Q:0)",0,0,"1,022.00",0,,,
SALICOPO,Sagarmatha Lumbini Insurance Co. Limited Promoter Share  (SALICOPO),Promotor Share,,"0.00 (FY:, Q:0)",0,0,270,0,,,
JSLBBP,Janautthan Samudayic Laghubitta Bittiya Sanstha Limited Promoter Share (JSLBBP),Promotor Share,,"0.00 (FY:, Q:0)",0,0,546,0,,,
SWMFPO,Suryodaya Womi Laghubitta Bittiya Sanstha Limited Promoter (SWMFPO),Promotor Share,,"0.00 (FY:, Q:0)",0,0,250,0,,,
NMBMFP,NMB  Microfinance Bittiya Sanstha Ltd. Promoter Share (NMBMFP),Promotor Share,,"0.00 (FY:, Q:0)",0,0,592,0,,,
NLG,NLG Insurance Company Ltd. (NLG),Non-Life Insurance,"15,395,359.60","9.68 (FY:081-082, Q:2)",90.34,204.83,4.27,"13,463,241,970.20",,,"10:6.256
                                
                                    (FY:081-082)"
UMHL,United Modi Hydropower Ltd. (UMHL),Hydro Power,"12,305,000.00","5.81 (FY:081-082, Q:2)",74.7,108.67,3.99,"5,340,370,000.00",,,"100:17.64
                                
                                    (FY:072-073)"
LBBL,Lumbini Bikas Bank Ltd. (LBBL),Development Bank Limited,"36,236,781.62","8.15 (FY:081-082, Q:2)",55.95,181.39,2.51,"16,523,972,418.72",,,"10:1
                                
                                    (FY:073-074)"
CIZBD90,10% Citizens Bank Debenture 2090 (CIZBD90),Others,,"0.00 (FY:, Q:0)",0,0,"1,132.90",0,,,
CIT,Citizen Investment Trust (CIT),Investment,"64,817,120.00","19.20 (FY:081-082, Q:2)",103.18,143.18,13.84,"128,402,714,720.00",,,"100:82.84
                                
                                    (FY:077-078)"
USHL,Upper Syange  Hydropower Limited (USHL),Hydro Power,"2,200,000.00","-1.70 (FY:081-082, Q:2)",-446.41,52.06,14.58,"1,669,580,000.00",,,
ADLB,Adarsha Laghubitta Bittiya Sanstha Limited (ADLB),Microfinance,"248,400.00","1.34 (FY:079-080, Q:3)",880.6,126.13,9.36,"293,112,000.00",,,
SPDL,Synergy Power Development Ltd. (SPDL),Hydro Power,"12,098,625.00","7.43 (FY:081-082, Q:2)",45.09,114.07,2.94,"4,053,039,375.00","0.53
                                
                                    (FY:077-078)","10.00
                                
                                    (FY:077-078)","2:1
                                
                                    (FY:080-081)"
NIBLGF,NIBL Growth Fund (NIBLGF),Mutual Fund,"132,000,000.00","0.00 (FY:081-082, Q:10)",0,0,0,"1,135,200,000.00","6.35
                                
                                    (FY:080-081)",,
SALICO,Sagarmatha Lumbini Insurance Co. Limited (SALICO),Non-Life Insurance,"26,226,382.00","5.02 (FY:081-082, Q:2)",144.34,245.18,2.96,"19,003,636,397.20",,,
NICAD8283,11% NIC Asia Debenture 082/83 (NICAD8283),Corporate Debenture,,"0.00 (FY:, Q:0)",0,0,"1,070.00",0,,,
ILI,IME Life Insurance Company Limited (ILI),Life Insurance,"50,000,000.00","10.71 (FY:081-082, Q:2)",44.86,152.23,3.16,"24,025,000,000.00",,,
CGH,Chandragiri Hills Limited (CGH),Hotels And Tourism,"15,340,910.00","8.67 (FY:081-082, Q:2)",102.47,99.73,8.91,"13,628,864,444.00",,,
NADDF,Nic Asia Dynamic Debt Fund (NADDF),Mutual Fund,"49,898,450.00","0.00 (FY:081-082, Q:10)",0,0,0,0,"10.00
                                
                                    (FY:080-081)",,
MMFDB,Mirmire Laghubitta Bittiya Sanstha Ltd. (MMFDB),Microfinance,"6,657,642.73","10.22 (FY:080-081, Q:2)",56.75,164.41,3.53,"3,861,432,783.40","6.32
                                
                                    (FY:079-080)",,"2:1
                                
                                    (FY:074-075)"
SKBBLP,Sana Kisan Bikas Laghubitta Bittiya sanstha Limited Promoter Share (SKBBLP),Promotor Share,,"0.00 (FY:, Q:0)",0,0,100,0,"1.36
                                
                                    (FY:071-072)","25.00
                                
                                    (FY:071-072)",
ILBSP,Infinity Laghubitta Bittiya Sanstha Limited Promoter Share (ILBSP),Promotor Share,,"0.00 (FY:, Q:0)",0,0,431,0,,,
RURU,Ru Ru Jalbidhyut Pariyojana Limited (RURU),Hydro Power,"5,673,222.03","21.18 (FY:081-082, Q:2)",36.12,129,5.93,"4,340,014,852.95",,,
NICA,NIC Asia Bank Ltd. (NICA),Commercial Banks,"149,175,669.22","2.03 (FY:081-082, Q:2)",185.22,198.92,1.89,"56,090,051,626.72",,,
SAMAJ,Samaj Laghubittya Bittiya Sanstha Limited (SAMAJ),Microfinance,"228,500.00","0.11 (FY:081-082, Q:2)","23,736.36",222.02,11.76,"596,613,500.00","0.75
                                
                                    (FY:078-079)",,
IHL,Ingwa Hydropower Limited (IHL),Hydro Power,"6,000,000.00","-1.00 (FY:081-082, Q:2)",-694.9,94.34,7.37,"4,169,400,000.00",,,
HLBSL,Himalayan Laghubitta Bittiya Sanstha Limited (HLBSL),Microfinance,"3,198,182.00","16.30 (FY:081-082, Q:2)",61.1,150.84,6.6,"3,185,069,453.80",,,"1:1
                                
                                    (FY:077-078)"
NHDL,Nepal Hydro Developers Ltd. (NHDL),Hydro Power,"3,594,410.00","24.18 (FY:081-082, Q:2)",35.11,128.74,6.59,"3,051,654,090.00","0.42
                                
                                    (FY:080-081)","8.00
                                
                                    (FY:080-081)",
API,Api Power Company Ltd. (API),Hydro Power,"60,759,278.07","10.26 (FY:081-082, Q:2)",27.21,109.18,2.56,"16,963,990,437.14",,,"1:0.40
                                
                                    (FY:080-081)"
NICFC,NIC ASIA Flexi CAP Fund (NICFC),Mutual Fund,"102,000,000.00","0.00 (FY:081-082, Q:10)",0,0,0,"927,180,000.00","10.50
                                
                                    (FY:080-081)",,
GMFIL,Guheshowori Merchant Bank & Finance Co. Ltd. (GMFIL),Finance,"10,121,760.00","-4.32 (FY:081-082, Q:2)",-120.35,148.59,3.5,"5,262,303,024.00",,,"10:4
                                
                                    (FY:074-075)"
HDL,Himalayan Distillery Limited (HDL),Manufacturing And Processing,"30,734,018.12","26.35 (FY:081-082, Q:2)",46.57,118,10.4,"37,710,640,233.24",,,
H8020,Himalayan 80-20 (H8020),Mutual Fund,"100,000,000.00","0.00 (FY:081-082, Q:9)",0,0,0,"1,021,000,000.00","6.00
                                
                                    (FY:080-081)",,
CBLD88,Civil Bank Debenture 2088 (CBLD88),Corporate Debenture,"3,000,000.00","0.00 (FY:, Q:0)",0,0,"1,119.70","3,359,100,000.00",,,
PSF,Prabhu Select Fund (PSF),Mutual Fund,"125,000,000.00","0.00 (FY:081-082, Q:10)",0,0,0,"1,260,000,000.00","10.00
                                
                                    (FY:080-081)",,
BBC,Bishal Bazar Company Limited (BBC),Tradings,"500,000.00","250.25 (FY:077-078, Q:2)",21.54,"1,685.32",3.2,"2,695,500,000.00",,,
WNLBP,Wean Nepal Laghubitta Bittiya Sanstha Limited Promoter Share (WNLBP),Promotor Share,,"0.00 (FY:, Q:0)",0,0,0,0,,,
SHIVM,SHIVAM CEMENTS LTD (SHIVM),Manufacturing And Processing,"54,568,085.00","2.08 (FY:081-082, Q:2)",258.85,175.31,3.07,"29,379,456,964.00",,,
UNHPL,Union Hydropower Limited (UNHPL),Hydro Power,"7,500,000.00","5.57 (FY:081-082, Q:2)",57.99,100.18,3.22,"2,422,500,000.00",,,
GBLBSP,Grameen Bikas Lagubitta Bittiya Sanstha Limited (Promoter Share) (GBLBSP),Promotor Share,,"0.00 (FY:, Q:0)",0,0,564,0,,,
ALICLP,Asian Life Insurance Co. Ltd Promoter Share (ALICLP),Promotor Share,,"0.00 (FY:, Q:0)",0,0,388,0,"1.50
                                
                                    (FY:070-071)","8.29
                                
                                    (FY:068-069)",
NICSF,NIC Asia Select - 30 (Index Fund) (NICSF),Mutual Fund,"125,000,000.00","0.00 (FY:081-082, Q:10)",0,0,0,"1,137,500,000.00","14.00
                                
                                    (FY:080-081)",,
SLBSLPO,Samudayik Laghubitta Bittiya Sanstha Limited Promoter Share (SLBSLPO),Promotor Share,,"0.00 (FY:, Q:0)",0,0,0,0,,,
CCBD88,Century Debenture 2088 (CCBD88),Corporate Debenture,"2,200,000.00","0.00 (FY:, Q:0)",0,0,"1,126.00","2,477,200,000.00",,,
SMFDBP,Summit Laghubitta Bittiya Sanstha Ltd. Promoter Share (SMFDBP),Promotor Share,,"0.00 (FY:, Q:0)",0,0,390.7,0,"2.19
                                
                                    (FY:071-072)","41.42
                                
                                    (FY:071-072)",
UNL,Unilever Nepal Limited (UNL),Manufacturing And Processing,"921,000.00","1,037.79 (FY:081-082, Q:2)",44.38,"4,636.16",9.93,"42,415,734,000.00","1,714.00
                                
                                    (FY:080-081)",,
SCB,Standard Chartered Bank Limited (SCB),Commercial Banks,"100,423,680.00","32.67 (FY:081-082, Q:2)",19.99,202.97,3.22,"65,576,663,040.00",,,
JBLBP,Jeevan Bikas Laghubitta Bittiya Sanstha Limited Promoter Share (JBLBP),Promotor Share,,"0.00 (FY:, Q:0)",0,0,100,0,,,
VLUCL,Vision Lumbini Urja Company Limited (VLUCL),Hydro Power,"19,125,000.00","2.75 (FY:081-082, Q:2)",257.45,137.76,5.14,"13,540,500,000.00",,,
MEL,Modi Energy Limited (MEL),Hydro Power,"29,000,000.00","-2.32 (FY:081-082, Q:2)",-145.17,63.21,5.33,"9,767,200,000.00",,,
GBIMEB2076,Global IME Bank -2076 (GBIMEB2076),Corporate Debenture,"400,000.00","0.00 (FY:, Q:0)",0,0,0,0,,,
GFCL,Goodwill Finance Co. Ltd. (GFCL),Finance,"9,461,152.00","2.22 (FY:081-082, Q:2)",317.57,198.97,3.54,"6,670,112,160.00",,,"10:6
                                
                                    (FY:073-074)"
SHINEP,Shine Resunga Development Bank Limited Promoter Share (SHINEP),Promotor Share,,"0.00 (FY:, Q:0)",0,0,262,0,,,
NMBUR93/94,4% NMB Urja Rinpatra (Energy Bond II) 4%-2093/94 (NMBUR93/94),Corporate Debenture,"2,727,437.00","0.00 (FY:, Q:0)",0,0,0,0,,,
CORBLPO,Corporate Development Bank Ltd. Promoter Share (CORBLPO),Promotor Share,,"0.00 (FY:, Q:0)",0,0,0,0,,,
MKHC,Maya Khola Hydropower Company Limited (MKHC),Hydro Power,"10,000,000.00","1.44 (FY:081-082, Q:2)",384.03,67.5,8.19,"5,530,000,000.00",,,
SKBBL,Sana Kisan Bikas Laghubitta Bittiya sanstha Limited. (SKBBL),Microfinance,"43,126,215.13","24.01 (FY:081-082, Q:2)",34.07,231.18,3.54,"35,277,243,976.34",,,
NMBSBFE,NMB Saral Bachat Fund-E (NMBSBFE),Mutual Fund,"55,000,000.00","0.00 (FY:081-082, Q:10)",0,0,0,0,,,
RBCLPO,Rastriya Beema Company Limited Promoter Share (RBCLPO),Promotor Share,,"0.00 (FY:, Q:0)",0,0,"11,495.00",0,,,
EDBL,Excel Development Bank Ltd. (EDBL),Development Bank Limited,"12,496,944.71","-14.49 (FY:081-082, Q:2)",-46.24,157.84,4.24,"8,372,952,955.03",,,"10:3
                                
                                    (FY:078-079)"
RLFL,Reliance Finance Ltd. (RLFL),Finance,"11,214,520.00","-21.35 (FY:081-082, Q:2)",-25.06,97.19,5.5,"5,999,768,200.00",,,"10:4.5
                                
                                    (FY:073-074)"
SLBBL,Swarojgar Laghubitta Bittiya Sanstha Ltd. (SLBBL),Microfinance,"6,711,049.93","26.23 (FY:081-082, Q:2)",37.13,164,5.94,"6,535,891,526.83","0.73
                                
                                    (FY:080-081)","13.89
                                
                                    (FY:080-081)",
NBF3,Nabil Balanced Fund-3 (NBF3),Mutual Fund,"125,000,000.00","0.00 (FY:081-082, Q:10)",0,0,0,"1,167,500,000.00",,,
SBIBD86,10% Nepal SBI Bank Debenture 2086 (SBIBD86),Corporate Debenture,,"0.00 (FY:, Q:0)",0,0,"1,073.90",0,,,
GBBL,Garima Bikas Bank Limited (GBBL),Development Bank Limited,"56,805,173.28","19.34 (FY:081-082, Q:2)",20.7,150.16,2.67,"22,739,110,863.98",,,
NUBL,Nirdhan Utthan Laghubitta Bittiya Sanstha Limited (NUBL),Microfinance,"26,120,797.50","10.41 (FY:081-082, Q:2)",65.8,194.86,3.52,"17,892,746,287.50",,,
SBI,Nepal SBI Bank Limited (SBI),Commercial Banks,"105,001,522.82","17.15 (FY:081-082, Q:2)",24.31,187.06,2.23,"43,785,635,015.94",,,
SIFCPO,Shree Investment & Finance Company Limited Promoter Share (SIFCPO),Promotor Share,,"0.00 (FY:, Q:0)",0,0,228,0,"0.61
                                
                                    (FY:071-072)","11.61
                                
                                    (FY:071-072)",
CHDC,CEDB Holdings Limited (CHDC),Investment,"10,342,370.61","40.51 (FY:081-082, Q:2)",55.42,158.06,14.2,"23,217,587,782.39","0.58
                                
                                    (FY:078-079)","11.00
                                
                                    (FY:080-081)","100:30
                                
                                    (FY:072-073)"
SONA,Sonapur Minerals and Oil Limited (SONA),Manufacturing And Processing,"30,750,500.00","-7.94 (FY:081-082, Q:2)",-59.82,184.36,2.58,"14,606,487,500.00",,,
SGIC,Sanima GIC Insurance Limited (SGIC),Non-Life Insurance,"20,000,000.00","12.17 (FY:081-082, Q:2)",55.72,152.77,4.44,"13,562,000,000.00",,,
PROFLP,Progressive Finance Limited Promoter Share (PROFLP),Promotor Share,,"0.00 (FY:, Q:0)",0,0,118,0,,,
UPCL,UNIVERSAL POWER COMPANY LTD (UPCL),Hydro Power,"22,799,299.25","9.98 (FY:081-082, Q:2)",30.16,111.41,2.7,"6,862,589,074.25","0.45
                                
                                    (FY:078-079)","8.55
                                
                                    (FY:078-079)",
CIZBD86,10.25% Citizens Bank Debenture 2086 (CIZBD86),Corporate Debenture,"2,500,000.00","0.00 (FY:, Q:0)",0,0,"1,112.70","2,781,750,000.00",,,
TSHL,Three Star Hydropower Limited (TSHL),Hydro Power,"4,925,000.00","2.73 (FY:081-082, Q:2)",307.33,69.76,12.03,"4,132,075,000.00",,,
PMLI,Prabhu Mahalaxmi Life Insurance Limited (PMLI),Life Insurance,"47,256,000.00","7.73 (FY:081-082, Q:2)",75.94,119.64,4.91,"27,739,272,000.00",,,
KBLPO,Kumari Bank Limited Promotor Share (KBLPO),Promotor Share,,"0.00 (FY:, Q:0)",0,0,100,0,"0.58
                                
                                    (FY:071-072)","11.00
                                
                                    (FY:071-072)",
MLBBLP,Mithila Laghubitta Bikas Bank Limited Promoter Share (MLBBLP),Promotor Share,,"0.00 (FY:, Q:0)",0,0,"1,260.00",0,,,
CFCLPO,Central Finance Company Limited Promoter Share (CFCLPO),Promotor Share,,"0.00 (FY:, Q:0)",0,0,168,0,"1.74
                                
                                    (FY:071-072)","33.00
                                
                                    (FY:071-072)",
EBLB2079,Everest Bank Limited--2079 (EBLB2079),Corporate Debenture,"468,850.00","0.00 (FY:, Q:0)",0,0,0,0,,,
KMCDB,Kalika Laghubitta Bittiya Sanstha Limited (KMCDB),Microfinance,"4,076,923.05","20.68 (FY:081-082, Q:2)",51.26,171.24,6.19,"4,321,538,433.00",,,
LVF2,Laxmi Value Fund 2 (LVF2),Mutual Fund,"80,000,000.00","0.00 (FY:081-082, Q:10)",0,0,0,"739,200,000.00","4.50
                                
                                    (FY:080-081)",,
NICGF2,NIC Asia Growth Fund-2 (NICGF2),Mutual Fund,"85,000,000.00","0.00 (FY:081-082, Q:10)",0,0,0,"738,650,000.00",,,
LSLPO,Laxmi Sunrise Bank Limited Promoter Share (LSLPO),Promotor Share,,"0.00 (FY:, Q:0)",0,0,121,0,,,
SIFC,Shree Investment Finance Co. Ltd. (SIFC),Finance,"10,000,000.00","2.83 (FY:081-082, Q:2)",189.05,136.13,3.93,"5,350,000,000.00",,,(FY:10:8.3)
MCHL,Menchhiyam Hydropower Limited (MCHL),Hydro Power,"5,425,833.00","-38.76 (FY:081-082, Q:2)",-15.3,28.72,20.65,"3,217,518,969.00",,,
BNHC,Buddhabhumi Nepal Hydropower Company Limited (BNHC),Hydro Power,"4,000,000.00","3.13 (FY:081-082, Q:2)",168.05,84.48,6.23,"2,104,000,000.00",,,
LSL,Laxmi Sunrise Bank Limited (LSL),Commercial Banks,"243,465,120.00","9.55 (FY:081-082, Q:2)",23.46,172.5,1.3,"54,536,186,880.00",,,
LEC,Liberty Energy Company Limited (LEC),Hydro Power,"15,000,000.00","-4.13 (FY:081-082, Q:2)",-51.96,90.81,2.36,"3,219,000,000.00",,,"1:0.5
                                
                                    (FY:081-082)"
SLK,Shubha Laxmi Kosh (SLK),Mutual Fund,"50,000,000.00","0.00 (FY:081-082, Q:10)",0,0,0,0,,,
EBLD85,10.50% Everest Bank Limited Debenture 2085 (EBLD85),Corporate Debenture,"2,000,000.00","0.00 (FY:, Q:0)",0,0,"1,130.40","2,260,800,000.00",,,
MBL,Machhapuchchhre Bank Limited (MBL),Commercial Banks,"116,213,572.73","13.89 (FY:081-082, Q:2)",16.48,154.2,1.48,"26,601,286,797.90",,,"10:1.2
                                
                                    (FY:072-073)"
NBL,Nepal Bank Limited (NBL),Commercial Banks,"146,940,229.30","6.27 (FY:081-082, Q:2)",40.43,261.96,0.97,"37,249,348,127.55","10.00
                                
                                    (FY:078-079)","2.00
                                
                                    (FY:078-079)","100:23.74
                                
                                    (FY:072-073)"
ANLB,Aatmanirbhar Laghubitta Bittiya Sanstha Limited (ANLB),Microfinance,"783,432.80","21.52 (FY:081-082, Q:2)",236.99,340.47,14.98,"3,995,507,280.00","0.75
                                
                                    (FY:080-081)","14.25
                                
                                    (FY:080-081)",
MLBSP,Manushi Laghubitta Bittiya Sanstha Limited Promoter Share (MLBSP),Promotor Share,,"0.00 (FY:, Q:0)",0,0,0,0,,,
NFCF,Nabil Flexi Cap Fund (NFCF),Mutual Fund,"75,000,000.00","0.00 (FY:081-082, Q:10)",0,0,0,0,,,
PBD88,10% Prime Debenture 2088 (PBD88),Corporate Debenture,"1,741,884.00","0.00 (FY:, Q:0)",0,0,"1,095.40","1,908,059,733.60",,,
9%CSB2082,Nepal Rastra Bank Nagarik Bachatpatra 2082 Ka (9%CSB2082),Government Bond,,"0.00 (FY:, Q:0)",0,0,0,0,,,
SHPC,Sanima Mai Hydropower Ltd. (SHPC),Hydro Power,"33,981,761.00","15.84 (FY:081-082, Q:2)",29.98,192.03,2.47,"16,137,938,298.90",,,"1:1
                                
                                    (FY:073-074)"
RNLIP,Reliable Nepal Life Insurance Limited Promoter (RNLIP),Promotor Share,,"0.00 (FY:, Q:0)",0,0,0,0,,,
GBIME,Global IME Bank Limited (GBIME),Commercial Banks,"381,158,530.00","16.02 (FY:081-082, Q:2)",13.85,169.58,1.31,"84,579,077,807.00",,"5.50
                                
                                    (FY:080-081)",
CHL,Chhyangdi Hydropower Ltd. (CHL),Hydro Power,"3,869,775.00","-9.53 (FY:081-082, Q:2)",-54.98,59.5,8.81,"2,027,762,100.00","0.26
                                
                                    (FY:076-077)","5.00
                                
                                    (FY:076-077)","10:3
                                
                                    (FY:078-079)"
SANIMA,Sanima Bank Limited (SANIMA),Commercial Banks,"135,815,254.14","17.56 (FY:081-082, Q:2)",17.37,157.56,1.94,"41,423,652,512.70",,,"2:1
                                
                                    (FY:071-072)"
DHPL,Dibyashwori Hydropower Ltd. (DHPL),Hydro Power,"2,640,000.00","4.42 (FY:081-082, Q:2)",92.31,7.33,55.66,"1,077,120,000.00",,,
NBLD87,8.5% Nepal Bank Debenture 2087 (NBLD87),Corporate Debenture,"3,500,000.00","0.00 (FY:, Q:0)",0,0,"1,021.00","3,573,500,000.00",,,
CBBLPO,Chhimek Laghubitta Bittiya Sanstha Limited Promoter Share (CBBLPO),Promotor Share,,"0.00 (FY:, Q:0)",0,0,526,0,"12.70
                                
                                    (FY:071-072)","40.00
                                
                                    (FY:071-072)",
GRDBLP,Green Development Bank Ltd. Promoter Share (GRDBLP),Promotor Share,,"0.00 (FY:, Q:0)",0,0,277,0,,,
SRD80,10% Sunrise Debenture 2080 (SRD80),Corporate Debenture,"1,000,000.00","0.00 (FY:, Q:0)",0,0,"1,030.00","1,030,000,000.00",,,
NRBBR2067ka,Bikash Rinpatra 2067 Ka (NRBBR2067KA),Government Bond,,"0.00 (FY:, Q:0)",0,0,0,0,,,
LBLD88,8.5% Laxmi Bank Debenture 2088 (LBLD88),Corporate Debenture,"2,000,000.00","0.00 (FY:, Q:0)",0,0,"1,025.00","2,050,000,000.00",,,
BHL,Balephi Hydropower Limited (BHL),Hydro Power,"36,559,400.00","-9.93 (FY:081-082, Q:2)",-34.14,70.9,4.78,"12,393,636,600.00",,,"1:1
                                
                                    (FY:081-082)"
RHPC,Ridi Hydropower Development Company Ltd. (RHPC),Hydro Power,"5,855,580.00","110.17 (FY:078-079, Q:3)",7.61,182.68,4.59,"4,906,976,040.00","12.60
                                
                                    (FY:077-078)",,
MEHL,Manakamana Engineering Hydropower Limited (MEHL),Hydro Power,"8,000,000.00","0.07 (FY:081-082, Q:2)","8,285.71",68.63,8.45,"4,640,000,000.00",,,
HEI,Himalayan Everest Insurance Limited (HEI),Non-Life Insurance,"25,001,574.00","12.79 (FY:081-082, Q:2)",49.25,204.83,3.08,"15,748,491,462.60",,,
SMATA,Samata Gharelu Laghubitta Bittiya Sanstha Limited (SMATA),Microfinance,"5,990,967.30","-5.24 (FY:081-082, Q:2)",-159.06,125.89,6.62,"4,993,471,244.55",,,
BGWT,Bhagawati Hydropower Development Company Ltd. (BGWT),Hydro Power,"5,949,473.00","4.77 (FY:081-082, Q:2)",222.2,111.63,9.49,"6,305,846,432.70","10.74
                                
                                    (FY:080-081)","4.00
                                
                                    (FY:080-081)",
NYADI,Nyadi Hydropower Limited (NYADI),Hydro Power,"15,000,000.00","-1.15 (FY:081-082, Q:2)",-513.04,73.7,8.01,"8,850,000,000.00",,,
NRBBR2067kha,Bikash Rinpatra 2067 Kha (NRBBR2067KHA),Government Bond,,"0.00 (FY:, Q:0)",0,0,0,0,,,
PFLPO,Pokhara Finance Company Limited Promoter Share (PFLPO),Promotor Share,,"0.00 (FY:, Q:0)",0,0,212,0,"2.05
                                
                                    (FY:071-072)","48.50
                                
                                    (FY:071-072)",
PRINPO,Prabhu Insurance Company Ltd. Promoter (PRINPO),Promotor Share,,"0.00 (FY:, Q:0)",0,0,451,0,,"17.00
                                
                                    (FY:072-073)","2:1
                                
                                    (FY:072-073)"
GBLBS,Grameen Bikas Laghubitta Bittiya Sanstha Ltd. (GBLBS),Microfinance,"9,825,000.00","37.63 (FY:081-082, Q:2)",22.16,311.94,2.67,"8,194,050,000.00",,,"1:0.5
                                
                                    (FY:075-076)"
JBBL,Jyoti Bikas Bank Limited (JBBL),Development Bank Limited,"43,957,858.90","11.38 (FY:081-082, Q:2)",31.3,149.36,2.38,"15,657,789,340.18",,,"1:1
                                
                                    (FY:072-073)"
EBLE89,Everest Bank Limited Urja Rinpatra 2089 (EBLE89),Corporate Debenture,"746,830.00","0.00 (FY:, Q:0)",0,0,0,0,,,
KDBY,Kumari Dhanabriddhi Yojana (KDBY),Mutual Fund,"122,507,259.00","0.00 (FY:081-082, Q:10)",0,0,0,"1,146,667,944.24","9.50
                                
                                    (FY:080-081)",,
NSIF2,NMB Sulav Investment Fund - 2 (NSIF2),Mutual Fund,"122,100,000.00","0.00 (FY:081-082, Q:10)",0,0,0,"1,268,619,000.00","10.00
                                
                                    (FY:080-081)",,
HLIPO,Himalayan Life Insurance Limited Promoter Share (HLIPO),Promotor Share,,"0.00 (FY:, Q:0)",0,0,241,0,,,
EDBLPO,Excel Development Bank Ltd. Promoter Share (EDBLPO),Promotor Share,,"0.00 (FY:, Q:0)",0,0,408,0,"1.36
                                
                                    (FY:071-072)","26.00
                                
                                    (FY:071-072)",
EBL,Everest Bank Limited (EBL),Commercial Banks,"129,446,940.00","32.06 (FY:081-082, Q:2)",19.16,225.79,2.72,"79,506,310,548.00",,,
KRBL,Karnali Development Bank Limited (KRBL),Development Bank Limited,"5,028,300.00","-15.77 (FY:081-082, Q:1)",-51.36,97.5,8.31,"4,072,923,000.00","5.00
                                
                                    (FY:072-073)","8.00
                                
                                    (FY:072-073)","1:2.25
                                
                                    (FY:073-074)"
SHLB,Shrijanshil Laghubitta Bittiya Sanstha Limited (SHLB),Microfinance,"1,093,750.00","34.27 (FY:081-082, Q:2)",66.12,225.09,10.07,"2,478,437,500.00",,,
DLBS,Dhaulagiri Laghubitta Bittiya Sanstha Limited (DLBS),Microfinance,"1,331,000.00","3.13 (FY:081-082, Q:2)",498.4,170.91,9.13,"2,076,360,000.00",,,
MBJC,Madhya Bhotekoshi Jalavidyut Company Limited (MBJC),Hydro Power,"60,000,000.00","-0.64 (FY:081-082, Q:2)",-518.91,93.8,3.54,"19,926,000,000.00",,,
NRBBR2071ka,Bikash Rinpatra 2071 Ka (NRBBR2071KA),Government Bond,,"0.00 (FY:, Q:0)",0,0,0,0,,,
SCBD,10.30% Standard Chartered Bank Nepal Limited Rinpatra (SCBD),Corporate Debenture,"2,400,000.00","0.00 (FY:, Q:0)",0,0,"1,070.00","2,568,000,000.00",,,
NRN,NRN Infrastructure and Development Limited (NRN),Investment,"12,843,722.90","8.37 (FY:081-082, Q:2)",167.86,172.1,8.16,"18,045,430,674.50","0.26
                                
                                    (FY:080-081)","5.00
                                
                                    (FY:080-081)",
TVCL,Trishuli Jal Vidhyut Company Limited (TVCL),Hydro Power,"17,891,627.70","-0.90 (FY:081-082, Q:2)",-594.44,87.36,6.12,"9,572,020,819.50",,,
KBL,Kumari Bank Limited (KBL),Commercial Banks,"262,258,613.40","2.10 (FY:081-082, Q:2)",98.95,133.51,1.56,"54,497,339,864.52",,"6.00
                                
                                    (FY:077-078)",
NRBBR2072ka,Bikash Rinpatra 2072 Ka (NRBBR2072KA),Government Bond,,"0.00 (FY:, Q:0)",0,0,0,0,,,
SFCL,Samriddhi Finance Company Limited (SFCL),Finance,"8,189,110.00","-15.34 (FY:081-082, Q:2)",-35.39,50.2,10.81,"4,445,867,819.00",,,"2:1
                                
                                    (FY:078-079)"
DORDI,Dordi Khola Jal Bidyut Company Limited (DORDI),Hydro Power,"21,085,208.00","-0.77 (FY:081-082, Q:2)",-512.99,92.76,4.26,"8,328,657,160.00",,,"1:1
                                
                                    (FY:081-082)"
